"KNBpackage","year","data_stage","filepath","new_file_name"
"SST","2003","raw","/home/shares/ohi/git-annex/impact_acceleration/stressors/sst/int/sst_diff_1999-2003.tif","sst_2003_raw.tif"
"SST","2004","raw","/home/shares/ohi/git-annex/impact_acceleration/stressors/sst/int/sst_diff_2000-2004.tif","sst_2004_raw.tif"
"SST","2005","raw","/home/shares/ohi/git-annex/impact_acceleration/stressors/sst/int/sst_diff_2001-2005.tif","sst_2005_raw.tif"
"SST","2006","raw","/home/shares/ohi/git-annex/impact_acceleration/stressors/sst/int/sst_diff_2002-2006.tif","sst_2006_raw.tif"
"SST","2007","raw","/home/shares/ohi/git-annex/impact_acceleration/stressors/sst/int/sst_diff_2003-2007.tif","sst_2007_raw.tif"
"SST","2008","raw","/home/shares/ohi/git-annex/impact_acceleration/stressors/sst/int/sst_diff_2004-2008.tif","sst_2008_raw.tif"
"SST","2009","raw","/home/shares/ohi/git-annex/impact_acceleration/stressors/sst/int/sst_diff_2005-2009.tif","sst_2009_raw.tif"
"SST","2010","raw","/home/shares/ohi/git-annex/impact_acceleration/stressors/sst/int/sst_diff_2006-2010.tif","sst_2010_raw.tif"
"SST","2011","raw","/home/shares/ohi/git-annex/impact_acceleration/stressors/sst/int/sst_diff_2007-2011.tif","sst_2011_raw.tif"
"SST","2012","raw","/home/shares/ohi/git-annex/impact_acceleration/stressors/sst/int/sst_diff_2008-2012.tif","sst_2012_raw.tif"
"SST","2013","raw","/home/shares/ohi/git-annex/impact_acceleration/stressors/sst/int/sst_diff_2009-2013.tif","sst_2013_raw.tif"
"SST","2003","rescaled","/home/shares/ohi/git-annex/impact_acceleration/stressors/sst/final/sst_2003_rescaled_mol.tif","sst_2003_rescaled.tif"
"SST","2004","rescaled","/home/shares/ohi/git-annex/impact_acceleration/stressors/sst/final/sst_2004_rescaled_mol.tif","sst_2004_rescaled.tif"
"SST","2005","rescaled","/home/shares/ohi/git-annex/impact_acceleration/stressors/sst/final/sst_2005_rescaled_mol.tif","sst_2005_rescaled.tif"
"SST","2006","rescaled","/home/shares/ohi/git-annex/impact_acceleration/stressors/sst/final/sst_2006_rescaled_mol.tif","sst_2006_rescaled.tif"
"SST","2007","rescaled","/home/shares/ohi/git-annex/impact_acceleration/stressors/sst/final/sst_2007_rescaled_mol.tif","sst_2007_rescaled.tif"
"SST","2008","rescaled","/home/shares/ohi/git-annex/impact_acceleration/stressors/sst/final/sst_2008_rescaled_mol.tif","sst_2008_rescaled.tif"
"SST","2009","rescaled","/home/shares/ohi/git-annex/impact_acceleration/stressors/sst/final/sst_2009_rescaled_mol.tif","sst_2009_rescaled.tif"
"SST","2010","rescaled","/home/shares/ohi/git-annex/impact_acceleration/stressors/sst/final/sst_2010_rescaled_mol.tif","sst_2010_rescaled.tif"
"SST","2011","rescaled","/home/shares/ohi/git-annex/impact_acceleration/stressors/sst/final/sst_2011_rescaled_mol.tif","sst_2011_rescaled.tif"
"SST","2012","rescaled","/home/shares/ohi/git-annex/impact_acceleration/stressors/sst/final/sst_2012_rescaled_mol.tif","sst_2012_rescaled.tif"
"SST","2013","rescaled","/home/shares/ohi/git-annex/impact_acceleration/stressors/sst/final/sst_2013_rescaled_mol.tif","sst_2013_rescaled.tif"
"SST","2003","impact","/home/shares/ohi/git-annex/impact_acceleration/impact/stressor_impact/sst_2003.tif","sst_2003_impact.tif"
"SST","2004","impact","/home/shares/ohi/git-annex/impact_acceleration/impact/stressor_impact/sst_2004.tif","sst_2004_impact.tif"
"SST","2005","impact","/home/shares/ohi/git-annex/impact_acceleration/impact/stressor_impact/sst_2005.tif","sst_2005_impact.tif"
"SST","2006","impact","/home/shares/ohi/git-annex/impact_acceleration/impact/stressor_impact/sst_2006.tif","sst_2006_impact.tif"
"SST","2007","impact","/home/shares/ohi/git-annex/impact_acceleration/impact/stressor_impact/sst_2007.tif","sst_2007_impact.tif"
"SST","2008","impact","/home/shares/ohi/git-annex/impact_acceleration/impact/stressor_impact/sst_2008.tif","sst_2008_impact.tif"
"SST","2009","impact","/home/shares/ohi/git-annex/impact_acceleration/impact/stressor_impact/sst_2009.tif","sst_2009_impact.tif"
"SST","2010","impact","/home/shares/ohi/git-annex/impact_acceleration/impact/stressor_impact/sst_2010.tif","sst_2010_impact.tif"
"SST","2011","impact","/home/shares/ohi/git-annex/impact_acceleration/impact/stressor_impact/sst_2011.tif","sst_2011_impact.tif"
"SST","2012","impact","/home/shares/ohi/git-annex/impact_acceleration/impact/stressor_impact/sst_2012.tif","sst_2012_impact.tif"
"SST","2013","impact","/home/shares/ohi/git-annex/impact_acceleration/impact/stressor_impact/sst_2013.tif","sst_2013_impact.tif"
"SST","2003-2013","trend","/home/shares/ohi/git-annex/impact_acceleration/impact/trend/impacts/sst_trend.tif","sst_2003-2013_trend.tif"
"OA","2003","raw","/home/shares/ohi/git-annex/globalprep/prs_oa/v2017/int/annual_avg_moll/global_arag_avg_moll_2003.tif","oa_2003_raw.tif"
"OA","2004","raw","/home/shares/ohi/git-annex/globalprep/prs_oa/v2017/int/annual_avg_moll/global_arag_avg_moll_2004.tif","oa_2004_raw.tif"
"OA","2005","raw","/home/shares/ohi/git-annex/globalprep/prs_oa/v2017/int/annual_avg_moll/global_arag_avg_moll_2005.tif","oa_2005_raw.tif"
"OA","2006","raw","/home/shares/ohi/git-annex/globalprep/prs_oa/v2017/int/annual_avg_moll/global_arag_avg_moll_2006.tif","oa_2006_raw.tif"
"OA","2007","raw","/home/shares/ohi/git-annex/globalprep/prs_oa/v2017/int/annual_avg_moll/global_arag_avg_moll_2007.tif","oa_2007_raw.tif"
"OA","2008","raw","/home/shares/ohi/git-annex/globalprep/prs_oa/v2017/int/annual_avg_moll/global_arag_avg_moll_2008.tif","oa_2008_raw.tif"
"OA","2009","raw","/home/shares/ohi/git-annex/globalprep/prs_oa/v2017/int/annual_avg_moll/global_arag_avg_moll_2009.tif","oa_2009_raw.tif"
"OA","2010","raw","/home/shares/ohi/git-annex/globalprep/prs_oa/v2017/int/annual_avg_moll/global_arag_avg_moll_2010.tif","oa_2010_raw.tif"
"OA","2011","raw","/home/shares/ohi/git-annex/globalprep/prs_oa/v2017/int/annual_avg_moll/global_arag_avg_moll_2011.tif","oa_2011_raw.tif"
"OA","2012","raw","/home/shares/ohi/git-annex/globalprep/prs_oa/v2017/int/annual_avg_moll/global_arag_avg_moll_2012.tif","oa_2012_raw.tif"
"OA","2013","raw","/home/shares/ohi/git-annex/globalprep/prs_oa/v2017/int/annual_avg_moll/global_arag_avg_moll_2013.tif","oa_2013_raw.tif"
"OA","2003","rescaled","/home/shares/ohi/git-annex/globalprep/prs_oa/v2017/int/annual_avg_moll_rescaled/oa_rescaled_2003.tif","oa_2003_rescaled.tif"
"OA","2004","rescaled","/home/shares/ohi/git-annex/globalprep/prs_oa/v2017/int/annual_avg_moll_rescaled/oa_rescaled_2004.tif","oa_2004_rescaled.tif"
"OA","2005","rescaled","/home/shares/ohi/git-annex/globalprep/prs_oa/v2017/int/annual_avg_moll_rescaled/oa_rescaled_2005.tif","oa_2005_rescaled.tif"
"OA","2006","rescaled","/home/shares/ohi/git-annex/globalprep/prs_oa/v2017/int/annual_avg_moll_rescaled/oa_rescaled_2006.tif","oa_2006_rescaled.tif"
"OA","2007","rescaled","/home/shares/ohi/git-annex/globalprep/prs_oa/v2017/int/annual_avg_moll_rescaled/oa_rescaled_2007.tif","oa_2007_rescaled.tif"
"OA","2008","rescaled","/home/shares/ohi/git-annex/globalprep/prs_oa/v2017/int/annual_avg_moll_rescaled/oa_rescaled_2008.tif","oa_2008_rescaled.tif"
"OA","2009","rescaled","/home/shares/ohi/git-annex/globalprep/prs_oa/v2017/int/annual_avg_moll_rescaled/oa_rescaled_2009.tif","oa_2009_rescaled.tif"
"OA","2010","rescaled","/home/shares/ohi/git-annex/globalprep/prs_oa/v2017/int/annual_avg_moll_rescaled/oa_rescaled_2010.tif","oa_2010_rescaled.tif"
"OA","2011","rescaled","/home/shares/ohi/git-annex/globalprep/prs_oa/v2017/int/annual_avg_moll_rescaled/oa_rescaled_2011.tif","oa_2011_rescaled.tif"
"OA","2012","rescaled","/home/shares/ohi/git-annex/globalprep/prs_oa/v2017/int/annual_avg_moll_rescaled/oa_rescaled_2012.tif","oa_2012_rescaled.tif"
"OA","2013","rescaled","/home/shares/ohi/git-annex/globalprep/prs_oa/v2017/int/annual_avg_moll_rescaled/oa_rescaled_2013.tif","oa_2013_rescaled.tif"
"OA","2003","impact","/home/shares/ohi/git-annex/impact_acceleration/impact/stressor_impact/oa_2003.tif","oa_2003_impact.tif"
"OA","2004","impact","/home/shares/ohi/git-annex/impact_acceleration/impact/stressor_impact/oa_2004.tif","oa_2004_impact.tif"
"OA","2005","impact","/home/shares/ohi/git-annex/impact_acceleration/impact/stressor_impact/oa_2005.tif","oa_2005_impact.tif"
"OA","2006","impact","/home/shares/ohi/git-annex/impact_acceleration/impact/stressor_impact/oa_2006.tif","oa_2006_impact.tif"
"OA","2007","impact","/home/shares/ohi/git-annex/impact_acceleration/impact/stressor_impact/oa_2007.tif","oa_2007_impact.tif"
"OA","2008","impact","/home/shares/ohi/git-annex/impact_acceleration/impact/stressor_impact/oa_2008.tif","oa_2008_impact.tif"
"OA","2009","impact","/home/shares/ohi/git-annex/impact_acceleration/impact/stressor_impact/oa_2009.tif","oa_2009_impact.tif"
"OA","2010","impact","/home/shares/ohi/git-annex/impact_acceleration/impact/stressor_impact/oa_2010.tif","oa_2010_impact.tif"
"OA","2011","impact","/home/shares/ohi/git-annex/impact_acceleration/impact/stressor_impact/oa_2011.tif","oa_2011_impact.tif"
"OA","2012","impact","/home/shares/ohi/git-annex/impact_acceleration/impact/stressor_impact/oa_2012.tif","oa_2012_impact.tif"
"OA","2013","impact","/home/shares/ohi/git-annex/impact_acceleration/impact/stressor_impact/oa_2013.tif","oa_2013_impact.tif"
"OA","2003-2013","trend","/home/shares/ohi/git-annex/impact_acceleration/impact/trend/impacts/oa_trend.tif","oa_2003-2013_trend.tif"
"SLR","2003","raw","/home/shares/ohi/git-annex/impact_acceleration/stressors/slr/int/slr_gf_mol_mask_2003.tif","slr_2003_raw.tif"
"SLR","2004","raw","/home/shares/ohi/git-annex/impact_acceleration/stressors/slr/int/slr_gf_mol_mask_2004.tif","slr_2004_raw.tif"
"SLR","2005","raw","/home/shares/ohi/git-annex/impact_acceleration/stressors/slr/int/slr_gf_mol_mask_2005.tif","slr_2005_raw.tif"
"SLR","2006","raw","/home/shares/ohi/git-annex/impact_acceleration/stressors/slr/int/slr_gf_mol_mask_2006.tif","slr_2006_raw.tif"
"SLR","2007","raw","/home/shares/ohi/git-annex/impact_acceleration/stressors/slr/int/slr_gf_mol_mask_2007.tif","slr_2007_raw.tif"
"SLR","2008","raw","/home/shares/ohi/git-annex/impact_acceleration/stressors/slr/int/slr_gf_mol_mask_2008.tif","slr_2008_raw.tif"
"SLR","2009","raw","/home/shares/ohi/git-annex/impact_acceleration/stressors/slr/int/slr_gf_mol_mask_2009.tif","slr_2009_raw.tif"
"SLR","2010","raw","/home/shares/ohi/git-annex/impact_acceleration/stressors/slr/int/slr_gf_mol_mask_2010.tif","slr_2010_raw.tif"
"SLR","2011","raw","/home/shares/ohi/git-annex/impact_acceleration/stressors/slr/int/slr_gf_mol_mask_2011.tif","slr_2011_raw.tif"
"SLR","2012","raw","/home/shares/ohi/git-annex/impact_acceleration/stressors/slr/int/slr_gf_mol_mask_2012.tif","slr_2012_raw.tif"
"SLR","2013","raw","/home/shares/ohi/git-annex/impact_acceleration/stressors/slr/int/slr_gf_mol_mask_2013.tif","slr_2013_raw.tif"
"SLR","2003","rescaled","/home/shares/ohi/git-annex/impact_acceleration/stressors/slr/final/slr_2003_rescaled_mol.tif","slr_2003_rescaled.tif"
"SLR","2004","rescaled","/home/shares/ohi/git-annex/impact_acceleration/stressors/slr/final/slr_2004_rescaled_mol.tif","slr_2004_rescaled.tif"
"SLR","2005","rescaled","/home/shares/ohi/git-annex/impact_acceleration/stressors/slr/final/slr_2005_rescaled_mol.tif","slr_2005_rescaled.tif"
"SLR","2006","rescaled","/home/shares/ohi/git-annex/impact_acceleration/stressors/slr/final/slr_2006_rescaled_mol.tif","slr_2006_rescaled.tif"
"SLR","2007","rescaled","/home/shares/ohi/git-annex/impact_acceleration/stressors/slr/final/slr_2007_rescaled_mol.tif","slr_2007_rescaled.tif"
"SLR","2008","rescaled","/home/shares/ohi/git-annex/impact_acceleration/stressors/slr/final/slr_2008_rescaled_mol.tif","slr_2008_rescaled.tif"
"SLR","2009","rescaled","/home/shares/ohi/git-annex/impact_acceleration/stressors/slr/final/slr_2009_rescaled_mol.tif","slr_2009_rescaled.tif"
"SLR","2010","rescaled","/home/shares/ohi/git-annex/impact_acceleration/stressors/slr/final/slr_2010_rescaled_mol.tif","slr_2010_rescaled.tif"
"SLR","2011","rescaled","/home/shares/ohi/git-annex/impact_acceleration/stressors/slr/final/slr_2011_rescaled_mol.tif","slr_2011_rescaled.tif"
"SLR","2012","rescaled","/home/shares/ohi/git-annex/impact_acceleration/stressors/slr/final/slr_2012_rescaled_mol.tif","slr_2012_rescaled.tif"
"SLR","2013","rescaled","/home/shares/ohi/git-annex/impact_acceleration/stressors/slr/final/slr_2013_rescaled_mol.tif","slr_2013_rescaled.tif"
"SLR","2003","impact","/home/shares/ohi/git-annex/impact_acceleration/impact/stressor_impact/slr_2003.tif","slr_2003_impact.tif"
"SLR","2004","impact","/home/shares/ohi/git-annex/impact_acceleration/impact/stressor_impact/slr_2004.tif","slr_2004_impact.tif"
"SLR","2005","impact","/home/shares/ohi/git-annex/impact_acceleration/impact/stressor_impact/slr_2005.tif","slr_2005_impact.tif"
"SLR","2006","impact","/home/shares/ohi/git-annex/impact_acceleration/impact/stressor_impact/slr_2006.tif","slr_2006_impact.tif"
"SLR","2007","impact","/home/shares/ohi/git-annex/impact_acceleration/impact/stressor_impact/slr_2007.tif","slr_2007_impact.tif"
"SLR","2008","impact","/home/shares/ohi/git-annex/impact_acceleration/impact/stressor_impact/slr_2008.tif","slr_2008_impact.tif"
"SLR","2009","impact","/home/shares/ohi/git-annex/impact_acceleration/impact/stressor_impact/slr_2009.tif","slr_2009_impact.tif"
"SLR","2010","impact","/home/shares/ohi/git-annex/impact_acceleration/impact/stressor_impact/slr_2010.tif","slr_2010_impact.tif"
"SLR","2011","impact","/home/shares/ohi/git-annex/impact_acceleration/impact/stressor_impact/slr_2011.tif","slr_2011_impact.tif"
"SLR","2012","impact","/home/shares/ohi/git-annex/impact_acceleration/impact/stressor_impact/slr_2012.tif","slr_2012_impact.tif"
"SLR","2013","impact","/home/shares/ohi/git-annex/impact_acceleration/impact/stressor_impact/slr_2013.tif","slr_2013_impact.tif"
"SLR","2003-2013","trend","/home/shares/ohi/git-annex/impact_acceleration/impact/trend/impacts/slr_trend.tif","slr_2003-2013_trend.tif"
"Artisanal fishing","2003","raw","/home/shares/ohi/git-annex/impact_acceleration/stressors/art_fish/int/catch_annual_npp_rasters/art_fish_2003.tif","artisanal_fishing_2003_raw.tif"
"Artisanal fishing","2004","raw","/home/shares/ohi/git-annex/impact_acceleration/stressors/art_fish/int/catch_annual_npp_rasters/art_fish_2004.tif","artisanal_fishing_2004_raw.tif"
"Artisanal fishing","2005","raw","/home/shares/ohi/git-annex/impact_acceleration/stressors/art_fish/int/catch_annual_npp_rasters/art_fish_2005.tif","artisanal_fishing_2005_raw.tif"
"Artisanal fishing","2006","raw","/home/shares/ohi/git-annex/impact_acceleration/stressors/art_fish/int/catch_annual_npp_rasters/art_fish_2006.tif","artisanal_fishing_2006_raw.tif"
"Artisanal fishing","2007","raw","/home/shares/ohi/git-annex/impact_acceleration/stressors/art_fish/int/catch_annual_npp_rasters/art_fish_2007.tif","artisanal_fishing_2007_raw.tif"
"Artisanal fishing","2008","raw","/home/shares/ohi/git-annex/impact_acceleration/stressors/art_fish/int/catch_annual_npp_rasters/art_fish_2008.tif","artisanal_fishing_2008_raw.tif"
"Artisanal fishing","2009","raw","/home/shares/ohi/git-annex/impact_acceleration/stressors/art_fish/int/catch_annual_npp_rasters/art_fish_2009.tif","artisanal_fishing_2009_raw.tif"
"Artisanal fishing","2010","raw","/home/shares/ohi/git-annex/impact_acceleration/stressors/art_fish/int/catch_annual_npp_rasters/art_fish_2010.tif","artisanal_fishing_2010_raw.tif"
"Artisanal fishing","2011","raw","/home/shares/ohi/git-annex/impact_acceleration/stressors/art_fish/int/catch_annual_npp_rasters/art_fish_2011.tif","artisanal_fishing_2011_raw.tif"
"Artisanal fishing","2012","raw","/home/shares/ohi/git-annex/impact_acceleration/stressors/art_fish/int/catch_annual_npp_rasters/art_fish_2012.tif","artisanal_fishing_2012_raw.tif"
"Artisanal fishing","2013","raw","/home/shares/ohi/git-annex/impact_acceleration/stressors/art_fish/int/catch_annual_npp_rasters/art_fish_2013.tif","artisanal_fishing_2013_raw.tif"
"Artisanal fishing","2003","rescaled","/home/shares/ohi/git-annex/impact_acceleration/stressors/art_fish/final/art_fish_2003_rescaled_mol.tif","artisanal_fishing_2003_rescaled.tif"
"Artisanal fishing","2004","rescaled","/home/shares/ohi/git-annex/impact_acceleration/stressors/art_fish/final/art_fish_2004_rescaled_mol.tif","artisanal_fishing_2004_rescaled.tif"
"Artisanal fishing","2005","rescaled","/home/shares/ohi/git-annex/impact_acceleration/stressors/art_fish/final/art_fish_2005_rescaled_mol.tif","artisanal_fishing_2005_rescaled.tif"
"Artisanal fishing","2006","rescaled","/home/shares/ohi/git-annex/impact_acceleration/stressors/art_fish/final/art_fish_2006_rescaled_mol.tif","artisanal_fishing_2006_rescaled.tif"
"Artisanal fishing","2007","rescaled","/home/shares/ohi/git-annex/impact_acceleration/stressors/art_fish/final/art_fish_2007_rescaled_mol.tif","artisanal_fishing_2007_rescaled.tif"
"Artisanal fishing","2008","rescaled","/home/shares/ohi/git-annex/impact_acceleration/stressors/art_fish/final/art_fish_2008_rescaled_mol.tif","artisanal_fishing_2008_rescaled.tif"
"Artisanal fishing","2009","rescaled","/home/shares/ohi/git-annex/impact_acceleration/stressors/art_fish/final/art_fish_2009_rescaled_mol.tif","artisanal_fishing_2009_rescaled.tif"
"Artisanal fishing","2010","rescaled","/home/shares/ohi/git-annex/impact_acceleration/stressors/art_fish/final/art_fish_2010_rescaled_mol.tif","artisanal_fishing_2010_rescaled.tif"
"Artisanal fishing","2011","rescaled","/home/shares/ohi/git-annex/impact_acceleration/stressors/art_fish/final/art_fish_2011_rescaled_mol.tif","artisanal_fishing_2011_rescaled.tif"
"Artisanal fishing","2012","rescaled","/home/shares/ohi/git-annex/impact_acceleration/stressors/art_fish/final/art_fish_2012_rescaled_mol.tif","artisanal_fishing_2012_rescaled.tif"
"Artisanal fishing","2013","rescaled","/home/shares/ohi/git-annex/impact_acceleration/stressors/art_fish/final/art_fish_2013_rescaled_mol.tif","artisanal_fishing_2013_rescaled.tif"
"Artisanal fishing","2003","impact","/home/shares/ohi/git-annex/impact_acceleration/impact/stressor_impact/art_fish_2003.tif","artisanal_fishing_2003_impact.tif"
"Artisanal fishing","2004","impact","/home/shares/ohi/git-annex/impact_acceleration/impact/stressor_impact/art_fish_2004.tif","artisanal_fishing_2004_impact.tif"
"Artisanal fishing","2005","impact","/home/shares/ohi/git-annex/impact_acceleration/impact/stressor_impact/art_fish_2005.tif","artisanal_fishing_2005_impact.tif"
"Artisanal fishing","2006","impact","/home/shares/ohi/git-annex/impact_acceleration/impact/stressor_impact/art_fish_2006.tif","artisanal_fishing_2006_impact.tif"
"Artisanal fishing","2007","impact","/home/shares/ohi/git-annex/impact_acceleration/impact/stressor_impact/art_fish_2007.tif","artisanal_fishing_2007_impact.tif"
"Artisanal fishing","2008","impact","/home/shares/ohi/git-annex/impact_acceleration/impact/stressor_impact/art_fish_2008.tif","artisanal_fishing_2008_impact.tif"
"Artisanal fishing","2009","impact","/home/shares/ohi/git-annex/impact_acceleration/impact/stressor_impact/art_fish_2009.tif","artisanal_fishing_2009_impact.tif"
"Artisanal fishing","2010","impact","/home/shares/ohi/git-annex/impact_acceleration/impact/stressor_impact/art_fish_2010.tif","artisanal_fishing_2010_impact.tif"
"Artisanal fishing","2011","impact","/home/shares/ohi/git-annex/impact_acceleration/impact/stressor_impact/art_fish_2011.tif","artisanal_fishing_2011_impact.tif"
"Artisanal fishing","2012","impact","/home/shares/ohi/git-annex/impact_acceleration/impact/stressor_impact/art_fish_2012.tif","artisanal_fishing_2012_impact.tif"
"Artisanal fishing","2013","impact","/home/shares/ohi/git-annex/impact_acceleration/impact/stressor_impact/art_fish_2013.tif","artisanal_fishing_2013_impact.tif"
"Artisanal fishing","2003-2013","trend","/home/shares/ohi/git-annex/impact_acceleration/impact/trend/impacts/art_fish_trend.tif","artisanal_fishing_2003-2013_trend.tif"
"Commercial fishing: demersal destructive","2003","raw","/home/shares/ohi/git-annex/impact_acceleration/stressors/comm_fish/int/catch_annual_npp_rasters/dem_dest/dem_dest_2003.tif","commercial_fishing_demersal_destructive_2003_raw.tif"
"Commercial fishing: demersal destructive","2004","raw","/home/shares/ohi/git-annex/impact_acceleration/stressors/comm_fish/int/catch_annual_npp_rasters/dem_dest/dem_dest_2004.tif","commercial_fishing_demersal_destructive_2004_raw.tif"
"Commercial fishing: demersal destructive","2005","raw","/home/shares/ohi/git-annex/impact_acceleration/stressors/comm_fish/int/catch_annual_npp_rasters/dem_dest/dem_dest_2005.tif","commercial_fishing_demersal_destructive_2005_raw.tif"
"Commercial fishing: demersal destructive","2006","raw","/home/shares/ohi/git-annex/impact_acceleration/stressors/comm_fish/int/catch_annual_npp_rasters/dem_dest/dem_dest_2006.tif","commercial_fishing_demersal_destructive_2006_raw.tif"
"Commercial fishing: demersal destructive","2007","raw","/home/shares/ohi/git-annex/impact_acceleration/stressors/comm_fish/int/catch_annual_npp_rasters/dem_dest/dem_dest_2007.tif","commercial_fishing_demersal_destructive_2007_raw.tif"
"Commercial fishing: demersal destructive","2008","raw","/home/shares/ohi/git-annex/impact_acceleration/stressors/comm_fish/int/catch_annual_npp_rasters/dem_dest/dem_dest_2008.tif","commercial_fishing_demersal_destructive_2008_raw.tif"
"Commercial fishing: demersal destructive","2009","raw","/home/shares/ohi/git-annex/impact_acceleration/stressors/comm_fish/int/catch_annual_npp_rasters/dem_dest/dem_dest_2009.tif","commercial_fishing_demersal_destructive_2009_raw.tif"
"Commercial fishing: demersal destructive","2010","raw","/home/shares/ohi/git-annex/impact_acceleration/stressors/comm_fish/int/catch_annual_npp_rasters/dem_dest/dem_dest_2010.tif","commercial_fishing_demersal_destructive_2010_raw.tif"
"Commercial fishing: demersal destructive","2011","raw","/home/shares/ohi/git-annex/impact_acceleration/stressors/comm_fish/int/catch_annual_npp_rasters/dem_dest/dem_dest_2011.tif","commercial_fishing_demersal_destructive_2011_raw.tif"
"Commercial fishing: demersal destructive","2012","raw","/home/shares/ohi/git-annex/impact_acceleration/stressors/comm_fish/int/catch_annual_npp_rasters/dem_dest/dem_dest_2012.tif","commercial_fishing_demersal_destructive_2012_raw.tif"
"Commercial fishing: demersal destructive","2013","raw","/home/shares/ohi/git-annex/impact_acceleration/stressors/comm_fish/int/catch_annual_npp_rasters/dem_dest/dem_dest_2013.tif","commercial_fishing_demersal_destructive_2013_raw.tif"
"Commercial fishing: demersal destructive","2003","rescaled","/home/shares/ohi/git-annex/impact_acceleration/stressors/comm_fish/final/dem_dest/dem_dest_2003_rescaled_mol.tif","commercial_fishing_demersal_destructive_2003_rescaled.tif"
"Commercial fishing: demersal destructive","2004","rescaled","/home/shares/ohi/git-annex/impact_acceleration/stressors/comm_fish/final/dem_dest/dem_dest_2004_rescaled_mol.tif","commercial_fishing_demersal_destructive_2004_rescaled.tif"
"Commercial fishing: demersal destructive","2005","rescaled","/home/shares/ohi/git-annex/impact_acceleration/stressors/comm_fish/final/dem_dest/dem_dest_2005_rescaled_mol.tif","commercial_fishing_demersal_destructive_2005_rescaled.tif"
"Commercial fishing: demersal destructive","2006","rescaled","/home/shares/ohi/git-annex/impact_acceleration/stressors/comm_fish/final/dem_dest/dem_dest_2006_rescaled_mol.tif","commercial_fishing_demersal_destructive_2006_rescaled.tif"
"Commercial fishing: demersal destructive","2007","rescaled","/home/shares/ohi/git-annex/impact_acceleration/stressors/comm_fish/final/dem_dest/dem_dest_2007_rescaled_mol.tif","commercial_fishing_demersal_destructive_2007_rescaled.tif"
"Commercial fishing: demersal destructive","2008","rescaled","/home/shares/ohi/git-annex/impact_acceleration/stressors/comm_fish/final/dem_dest/dem_dest_2008_rescaled_mol.tif","commercial_fishing_demersal_destructive_2008_rescaled.tif"
"Commercial fishing: demersal destructive","2009","rescaled","/home/shares/ohi/git-annex/impact_acceleration/stressors/comm_fish/final/dem_dest/dem_dest_2009_rescaled_mol.tif","commercial_fishing_demersal_destructive_2009_rescaled.tif"
"Commercial fishing: demersal destructive","2010","rescaled","/home/shares/ohi/git-annex/impact_acceleration/stressors/comm_fish/final/dem_dest/dem_dest_2010_rescaled_mol.tif","commercial_fishing_demersal_destructive_2010_rescaled.tif"
"Commercial fishing: demersal destructive","2011","rescaled","/home/shares/ohi/git-annex/impact_acceleration/stressors/comm_fish/final/dem_dest/dem_dest_2011_rescaled_mol.tif","commercial_fishing_demersal_destructive_2011_rescaled.tif"
"Commercial fishing: demersal destructive","2012","rescaled","/home/shares/ohi/git-annex/impact_acceleration/stressors/comm_fish/final/dem_dest/dem_dest_2012_rescaled_mol.tif","commercial_fishing_demersal_destructive_2012_rescaled.tif"
"Commercial fishing: demersal destructive","2013","rescaled","/home/shares/ohi/git-annex/impact_acceleration/stressors/comm_fish/final/dem_dest/dem_dest_2013_rescaled_mol.tif","commercial_fishing_demersal_destructive_2013_rescaled.tif"
"Commercial fishing: demersal destructive","2003","impact","/home/shares/ohi/git-annex/impact_acceleration/impact/stressor_impact/dem_dest_2003.tif","commercial_fishing_demersal_destructive_2003_impact.tif"
"Commercial fishing: demersal destructive","2004","impact","/home/shares/ohi/git-annex/impact_acceleration/impact/stressor_impact/dem_dest_2004.tif","commercial_fishing_demersal_destructive_2004_impact.tif"
"Commercial fishing: demersal destructive","2005","impact","/home/shares/ohi/git-annex/impact_acceleration/impact/stressor_impact/dem_dest_2005.tif","commercial_fishing_demersal_destructive_2005_impact.tif"
"Commercial fishing: demersal destructive","2006","impact","/home/shares/ohi/git-annex/impact_acceleration/impact/stressor_impact/dem_dest_2006.tif","commercial_fishing_demersal_destructive_2006_impact.tif"
"Commercial fishing: demersal destructive","2007","impact","/home/shares/ohi/git-annex/impact_acceleration/impact/stressor_impact/dem_dest_2007.tif","commercial_fishing_demersal_destructive_2007_impact.tif"
"Commercial fishing: demersal destructive","2008","impact","/home/shares/ohi/git-annex/impact_acceleration/impact/stressor_impact/dem_dest_2008.tif","commercial_fishing_demersal_destructive_2008_impact.tif"
"Commercial fishing: demersal destructive","2009","impact","/home/shares/ohi/git-annex/impact_acceleration/impact/stressor_impact/dem_dest_2009.tif","commercial_fishing_demersal_destructive_2009_impact.tif"
"Commercial fishing: demersal destructive","2010","impact","/home/shares/ohi/git-annex/impact_acceleration/impact/stressor_impact/dem_dest_2010.tif","commercial_fishing_demersal_destructive_2010_impact.tif"
"Commercial fishing: demersal destructive","2011","impact","/home/shares/ohi/git-annex/impact_acceleration/impact/stressor_impact/dem_dest_2011.tif","commercial_fishing_demersal_destructive_2011_impact.tif"
"Commercial fishing: demersal destructive","2012","impact","/home/shares/ohi/git-annex/impact_acceleration/impact/stressor_impact/dem_dest_2012.tif","commercial_fishing_demersal_destructive_2012_impact.tif"
"Commercial fishing: demersal destructive","2013","impact","/home/shares/ohi/git-annex/impact_acceleration/impact/stressor_impact/dem_dest_2013.tif","commercial_fishing_demersal_destructive_2013_impact.tif"
"Commercial fishing: demersal destructive","2003-2013","trend","/home/shares/ohi/git-annex/impact_acceleration/impact/trend/impacts/dem_dest_trend.tif","commercial_fishing_demersal_destructive_2003-2013_trend.tif"
"Commercial fishing: demersal nondestructive high bycatch","2003","raw","/home/shares/ohi/git-annex/impact_acceleration/stressors/comm_fish/int/catch_annual_npp_rasters/dem_nondest_hb/dem_nondest_hb_2003.tif","commercial_fishing_demersal_nondestructive_high_bycatch_2003_raw.tif"
"Commercial fishing: demersal nondestructive high bycatch","2004","raw","/home/shares/ohi/git-annex/impact_acceleration/stressors/comm_fish/int/catch_annual_npp_rasters/dem_nondest_hb/dem_nondest_hb_2004.tif","commercial_fishing_demersal_nondestructive_high_bycatch_2004_raw.tif"
"Commercial fishing: demersal nondestructive high bycatch","2005","raw","/home/shares/ohi/git-annex/impact_acceleration/stressors/comm_fish/int/catch_annual_npp_rasters/dem_nondest_hb/dem_nondest_hb_2005.tif","commercial_fishing_demersal_nondestructive_high_bycatch_2005_raw.tif"
"Commercial fishing: demersal nondestructive high bycatch","2006","raw","/home/shares/ohi/git-annex/impact_acceleration/stressors/comm_fish/int/catch_annual_npp_rasters/dem_nondest_hb/dem_nondest_hb_2006.tif","commercial_fishing_demersal_nondestructive_high_bycatch_2006_raw.tif"
"Commercial fishing: demersal nondestructive high bycatch","2007","raw","/home/shares/ohi/git-annex/impact_acceleration/stressors/comm_fish/int/catch_annual_npp_rasters/dem_nondest_hb/dem_nondest_hb_2007.tif","commercial_fishing_demersal_nondestructive_high_bycatch_2007_raw.tif"
"Commercial fishing: demersal nondestructive high bycatch","2008","raw","/home/shares/ohi/git-annex/impact_acceleration/stressors/comm_fish/int/catch_annual_npp_rasters/dem_nondest_hb/dem_nondest_hb_2008.tif","commercial_fishing_demersal_nondestructive_high_bycatch_2008_raw.tif"
"Commercial fishing: demersal nondestructive high bycatch","2009","raw","/home/shares/ohi/git-annex/impact_acceleration/stressors/comm_fish/int/catch_annual_npp_rasters/dem_nondest_hb/dem_nondest_hb_2009.tif","commercial_fishing_demersal_nondestructive_high_bycatch_2009_raw.tif"
"Commercial fishing: demersal nondestructive high bycatch","2010","raw","/home/shares/ohi/git-annex/impact_acceleration/stressors/comm_fish/int/catch_annual_npp_rasters/dem_nondest_hb/dem_nondest_hb_2010.tif","commercial_fishing_demersal_nondestructive_high_bycatch_2010_raw.tif"
"Commercial fishing: demersal nondestructive high bycatch","2011","raw","/home/shares/ohi/git-annex/impact_acceleration/stressors/comm_fish/int/catch_annual_npp_rasters/dem_nondest_hb/dem_nondest_hb_2011.tif","commercial_fishing_demersal_nondestructive_high_bycatch_2011_raw.tif"
"Commercial fishing: demersal nondestructive high bycatch","2012","raw","/home/shares/ohi/git-annex/impact_acceleration/stressors/comm_fish/int/catch_annual_npp_rasters/dem_nondest_hb/dem_nondest_hb_2012.tif","commercial_fishing_demersal_nondestructive_high_bycatch_2012_raw.tif"
"Commercial fishing: demersal nondestructive high bycatch","2013","raw","/home/shares/ohi/git-annex/impact_acceleration/stressors/comm_fish/int/catch_annual_npp_rasters/dem_nondest_hb/dem_nondest_hb_2013.tif","commercial_fishing_demersal_nondestructive_high_bycatch_2013_raw.tif"
"Commercial fishing: demersal nondestructive high bycatch","2003","rescaled","/home/shares/ohi/git-annex/impact_acceleration/stressors/comm_fish/final/dem_nondest_hb/dem_nondest_hb_2003_rescaled_mol.tif","commercial_fishing_demersal_nondestructive_high_bycatch_2003_rescaled.tif"
"Commercial fishing: demersal nondestructive high bycatch","2004","rescaled","/home/shares/ohi/git-annex/impact_acceleration/stressors/comm_fish/final/dem_nondest_hb/dem_nondest_hb_2004_rescaled_mol.tif","commercial_fishing_demersal_nondestructive_high_bycatch_2004_rescaled.tif"
"Commercial fishing: demersal nondestructive high bycatch","2005","rescaled","/home/shares/ohi/git-annex/impact_acceleration/stressors/comm_fish/final/dem_nondest_hb/dem_nondest_hb_2005_rescaled_mol.tif","commercial_fishing_demersal_nondestructive_high_bycatch_2005_rescaled.tif"
"Commercial fishing: demersal nondestructive high bycatch","2006","rescaled","/home/shares/ohi/git-annex/impact_acceleration/stressors/comm_fish/final/dem_nondest_hb/dem_nondest_hb_2006_rescaled_mol.tif","commercial_fishing_demersal_nondestructive_high_bycatch_2006_rescaled.tif"
"Commercial fishing: demersal nondestructive high bycatch","2007","rescaled","/home/shares/ohi/git-annex/impact_acceleration/stressors/comm_fish/final/dem_nondest_hb/dem_nondest_hb_2007_rescaled_mol.tif","commercial_fishing_demersal_nondestructive_high_bycatch_2007_rescaled.tif"
"Commercial fishing: demersal nondestructive high bycatch","2008","rescaled","/home/shares/ohi/git-annex/impact_acceleration/stressors/comm_fish/final/dem_nondest_hb/dem_nondest_hb_2008_rescaled_mol.tif","commercial_fishing_demersal_nondestructive_high_bycatch_2008_rescaled.tif"
"Commercial fishing: demersal nondestructive high bycatch","2009","rescaled","/home/shares/ohi/git-annex/impact_acceleration/stressors/comm_fish/final/dem_nondest_hb/dem_nondest_hb_2009_rescaled_mol.tif","commercial_fishing_demersal_nondestructive_high_bycatch_2009_rescaled.tif"
"Commercial fishing: demersal nondestructive high bycatch","2010","rescaled","/home/shares/ohi/git-annex/impact_acceleration/stressors/comm_fish/final/dem_nondest_hb/dem_nondest_hb_2010_rescaled_mol.tif","commercial_fishing_demersal_nondestructive_high_bycatch_2010_rescaled.tif"
"Commercial fishing: demersal nondestructive high bycatch","2011","rescaled","/home/shares/ohi/git-annex/impact_acceleration/stressors/comm_fish/final/dem_nondest_hb/dem_nondest_hb_2011_rescaled_mol.tif","commercial_fishing_demersal_nondestructive_high_bycatch_2011_rescaled.tif"
"Commercial fishing: demersal nondestructive high bycatch","2012","rescaled","/home/shares/ohi/git-annex/impact_acceleration/stressors/comm_fish/final/dem_nondest_hb/dem_nondest_hb_2012_rescaled_mol.tif","commercial_fishing_demersal_nondestructive_high_bycatch_2012_rescaled.tif"
"Commercial fishing: demersal nondestructive high bycatch","2013","rescaled","/home/shares/ohi/git-annex/impact_acceleration/stressors/comm_fish/final/dem_nondest_hb/dem_nondest_hb_2013_rescaled_mol.tif","commercial_fishing_demersal_nondestructive_high_bycatch_2013_rescaled.tif"
"Commercial fishing: demersal nondestructive high bycatch","2003","impact","/home/shares/ohi/git-annex/impact_acceleration/impact/stressor_impact/dem_nondest_hb_2003.tif","commercial_fishing_demersal_nondestructive_high_bycatch_2003_impact.tif"
"Commercial fishing: demersal nondestructive high bycatch","2004","impact","/home/shares/ohi/git-annex/impact_acceleration/impact/stressor_impact/dem_nondest_hb_2004.tif","commercial_fishing_demersal_nondestructive_high_bycatch_2004_impact.tif"
"Commercial fishing: demersal nondestructive high bycatch","2005","impact","/home/shares/ohi/git-annex/impact_acceleration/impact/stressor_impact/dem_nondest_hb_2005.tif","commercial_fishing_demersal_nondestructive_high_bycatch_2005_impact.tif"
"Commercial fishing: demersal nondestructive high bycatch","2006","impact","/home/shares/ohi/git-annex/impact_acceleration/impact/stressor_impact/dem_nondest_hb_2006.tif","commercial_fishing_demersal_nondestructive_high_bycatch_2006_impact.tif"
"Commercial fishing: demersal nondestructive high bycatch","2007","impact","/home/shares/ohi/git-annex/impact_acceleration/impact/stressor_impact/dem_nondest_hb_2007.tif","commercial_fishing_demersal_nondestructive_high_bycatch_2007_impact.tif"
"Commercial fishing: demersal nondestructive high bycatch","2008","impact","/home/shares/ohi/git-annex/impact_acceleration/impact/stressor_impact/dem_nondest_hb_2008.tif","commercial_fishing_demersal_nondestructive_high_bycatch_2008_impact.tif"
"Commercial fishing: demersal nondestructive high bycatch","2009","impact","/home/shares/ohi/git-annex/impact_acceleration/impact/stressor_impact/dem_nondest_hb_2009.tif","commercial_fishing_demersal_nondestructive_high_bycatch_2009_impact.tif"
"Commercial fishing: demersal nondestructive high bycatch","2010","impact","/home/shares/ohi/git-annex/impact_acceleration/impact/stressor_impact/dem_nondest_hb_2010.tif","commercial_fishing_demersal_nondestructive_high_bycatch_2010_impact.tif"
"Commercial fishing: demersal nondestructive high bycatch","2011","impact","/home/shares/ohi/git-annex/impact_acceleration/impact/stressor_impact/dem_nondest_hb_2011.tif","commercial_fishing_demersal_nondestructive_high_bycatch_2011_impact.tif"
"Commercial fishing: demersal nondestructive high bycatch","2012","impact","/home/shares/ohi/git-annex/impact_acceleration/impact/stressor_impact/dem_nondest_hb_2012.tif","commercial_fishing_demersal_nondestructive_high_bycatch_2012_impact.tif"
"Commercial fishing: demersal nondestructive high bycatch","2013","impact","/home/shares/ohi/git-annex/impact_acceleration/impact/stressor_impact/dem_nondest_hb_2013.tif","commercial_fishing_demersal_nondestructive_high_bycatch_2013_impact.tif"
"Commercial fishing: demersal nondestructive high bycatch","2003-2013","trend","/home/shares/ohi/git-annex/impact_acceleration/impact/trend/impacts/dem_nondest_hb_trend.tif","commercial_fishing_demersal_nondestructive_high_bycatch_2003-2013_trend.tif"
"Commercial fishing: demersal nondestructive low bycatch","2003","raw","/home/shares/ohi/git-annex/impact_acceleration/stressors/comm_fish/int/catch_annual_npp_rasters/dem_nondest_lb/dem_nondest_lb_2003.tif","commercial_fishing_demersal_nondestructive_low_bycatch_2003_raw.tif"
"Commercial fishing: demersal nondestructive low bycatch","2004","raw","/home/shares/ohi/git-annex/impact_acceleration/stressors/comm_fish/int/catch_annual_npp_rasters/dem_nondest_lb/dem_nondest_lb_2004.tif","commercial_fishing_demersal_nondestructive_low_bycatch_2004_raw.tif"
"Commercial fishing: demersal nondestructive low bycatch","2005","raw","/home/shares/ohi/git-annex/impact_acceleration/stressors/comm_fish/int/catch_annual_npp_rasters/dem_nondest_lb/dem_nondest_lb_2005.tif","commercial_fishing_demersal_nondestructive_low_bycatch_2005_raw.tif"
"Commercial fishing: demersal nondestructive low bycatch","2006","raw","/home/shares/ohi/git-annex/impact_acceleration/stressors/comm_fish/int/catch_annual_npp_rasters/dem_nondest_lb/dem_nondest_lb_2006.tif","commercial_fishing_demersal_nondestructive_low_bycatch_2006_raw.tif"
"Commercial fishing: demersal nondestructive low bycatch","2007","raw","/home/shares/ohi/git-annex/impact_acceleration/stressors/comm_fish/int/catch_annual_npp_rasters/dem_nondest_lb/dem_nondest_lb_2007.tif","commercial_fishing_demersal_nondestructive_low_bycatch_2007_raw.tif"
"Commercial fishing: demersal nondestructive low bycatch","2008","raw","/home/shares/ohi/git-annex/impact_acceleration/stressors/comm_fish/int/catch_annual_npp_rasters/dem_nondest_lb/dem_nondest_lb_2008.tif","commercial_fishing_demersal_nondestructive_low_bycatch_2008_raw.tif"
"Commercial fishing: demersal nondestructive low bycatch","2009","raw","/home/shares/ohi/git-annex/impact_acceleration/stressors/comm_fish/int/catch_annual_npp_rasters/dem_nondest_lb/dem_nondest_lb_2009.tif","commercial_fishing_demersal_nondestructive_low_bycatch_2009_raw.tif"
"Commercial fishing: demersal nondestructive low bycatch","2010","raw","/home/shares/ohi/git-annex/impact_acceleration/stressors/comm_fish/int/catch_annual_npp_rasters/dem_nondest_lb/dem_nondest_lb_2010.tif","commercial_fishing_demersal_nondestructive_low_bycatch_2010_raw.tif"
"Commercial fishing: demersal nondestructive low bycatch","2011","raw","/home/shares/ohi/git-annex/impact_acceleration/stressors/comm_fish/int/catch_annual_npp_rasters/dem_nondest_lb/dem_nondest_lb_2011.tif","commercial_fishing_demersal_nondestructive_low_bycatch_2011_raw.tif"
"Commercial fishing: demersal nondestructive low bycatch","2012","raw","/home/shares/ohi/git-annex/impact_acceleration/stressors/comm_fish/int/catch_annual_npp_rasters/dem_nondest_lb/dem_nondest_lb_2012.tif","commercial_fishing_demersal_nondestructive_low_bycatch_2012_raw.tif"
"Commercial fishing: demersal nondestructive low bycatch","2013","raw","/home/shares/ohi/git-annex/impact_acceleration/stressors/comm_fish/int/catch_annual_npp_rasters/dem_nondest_lb/dem_nondest_lb_2013.tif","commercial_fishing_demersal_nondestructive_low_bycatch_2013_raw.tif"
"Commercial fishing: demersal nondestructive low bycatch","2003","rescaled","/home/shares/ohi/git-annex/impact_acceleration/stressors/comm_fish/final/dem_nondest_lb/dem_nondest_lb_2003_rescaled_mol.tif","commercial_fishing_demersal_nondestructive_low_bycatch_2003_rescaled.tif"
"Commercial fishing: demersal nondestructive low bycatch","2004","rescaled","/home/shares/ohi/git-annex/impact_acceleration/stressors/comm_fish/final/dem_nondest_lb/dem_nondest_lb_2004_rescaled_mol.tif","commercial_fishing_demersal_nondestructive_low_bycatch_2004_rescaled.tif"
"Commercial fishing: demersal nondestructive low bycatch","2005","rescaled","/home/shares/ohi/git-annex/impact_acceleration/stressors/comm_fish/final/dem_nondest_lb/dem_nondest_lb_2005_rescaled_mol.tif","commercial_fishing_demersal_nondestructive_low_bycatch_2005_rescaled.tif"
"Commercial fishing: demersal nondestructive low bycatch","2006","rescaled","/home/shares/ohi/git-annex/impact_acceleration/stressors/comm_fish/final/dem_nondest_lb/dem_nondest_lb_2006_rescaled_mol.tif","commercial_fishing_demersal_nondestructive_low_bycatch_2006_rescaled.tif"
"Commercial fishing: demersal nondestructive low bycatch","2007","rescaled","/home/shares/ohi/git-annex/impact_acceleration/stressors/comm_fish/final/dem_nondest_lb/dem_nondest_lb_2007_rescaled_mol.tif","commercial_fishing_demersal_nondestructive_low_bycatch_2007_rescaled.tif"
"Commercial fishing: demersal nondestructive low bycatch","2008","rescaled","/home/shares/ohi/git-annex/impact_acceleration/stressors/comm_fish/final/dem_nondest_lb/dem_nondest_lb_2008_rescaled_mol.tif","commercial_fishing_demersal_nondestructive_low_bycatch_2008_rescaled.tif"
"Commercial fishing: demersal nondestructive low bycatch","2009","rescaled","/home/shares/ohi/git-annex/impact_acceleration/stressors/comm_fish/final/dem_nondest_lb/dem_nondest_lb_2009_rescaled_mol.tif","commercial_fishing_demersal_nondestructive_low_bycatch_2009_rescaled.tif"
"Commercial fishing: demersal nondestructive low bycatch","2010","rescaled","/home/shares/ohi/git-annex/impact_acceleration/stressors/comm_fish/final/dem_nondest_lb/dem_nondest_lb_2010_rescaled_mol.tif","commercial_fishing_demersal_nondestructive_low_bycatch_2010_rescaled.tif"
"Commercial fishing: demersal nondestructive low bycatch","2011","rescaled","/home/shares/ohi/git-annex/impact_acceleration/stressors/comm_fish/final/dem_nondest_lb/dem_nondest_lb_2011_rescaled_mol.tif","commercial_fishing_demersal_nondestructive_low_bycatch_2011_rescaled.tif"
"Commercial fishing: demersal nondestructive low bycatch","2012","rescaled","/home/shares/ohi/git-annex/impact_acceleration/stressors/comm_fish/final/dem_nondest_lb/dem_nondest_lb_2012_rescaled_mol.tif","commercial_fishing_demersal_nondestructive_low_bycatch_2012_rescaled.tif"
"Commercial fishing: demersal nondestructive low bycatch","2013","rescaled","/home/shares/ohi/git-annex/impact_acceleration/stressors/comm_fish/final/dem_nondest_lb/dem_nondest_lb_2013_rescaled_mol.tif","commercial_fishing_demersal_nondestructive_low_bycatch_2013_rescaled.tif"
"Commercial fishing: demersal nondestructive low bycatch","2003","impact","/home/shares/ohi/git-annex/impact_acceleration/impact/stressor_impact/dem_nondest_lb_2003.tif","commercial_fishing_demersal_nondestructive_low_bycatch_2003_impact.tif"
"Commercial fishing: demersal nondestructive low bycatch","2004","impact","/home/shares/ohi/git-annex/impact_acceleration/impact/stressor_impact/dem_nondest_lb_2004.tif","commercial_fishing_demersal_nondestructive_low_bycatch_2004_impact.tif"
"Commercial fishing: demersal nondestructive low bycatch","2005","impact","/home/shares/ohi/git-annex/impact_acceleration/impact/stressor_impact/dem_nondest_lb_2005.tif","commercial_fishing_demersal_nondestructive_low_bycatch_2005_impact.tif"
"Commercial fishing: demersal nondestructive low bycatch","2006","impact","/home/shares/ohi/git-annex/impact_acceleration/impact/stressor_impact/dem_nondest_lb_2006.tif","commercial_fishing_demersal_nondestructive_low_bycatch_2006_impact.tif"
"Commercial fishing: demersal nondestructive low bycatch","2007","impact","/home/shares/ohi/git-annex/impact_acceleration/impact/stressor_impact/dem_nondest_lb_2007.tif","commercial_fishing_demersal_nondestructive_low_bycatch_2007_impact.tif"
"Commercial fishing: demersal nondestructive low bycatch","2008","impact","/home/shares/ohi/git-annex/impact_acceleration/impact/stressor_impact/dem_nondest_lb_2008.tif","commercial_fishing_demersal_nondestructive_low_bycatch_2008_impact.tif"
"Commercial fishing: demersal nondestructive low bycatch","2009","impact","/home/shares/ohi/git-annex/impact_acceleration/impact/stressor_impact/dem_nondest_lb_2009.tif","commercial_fishing_demersal_nondestructive_low_bycatch_2009_impact.tif"
"Commercial fishing: demersal nondestructive low bycatch","2010","impact","/home/shares/ohi/git-annex/impact_acceleration/impact/stressor_impact/dem_nondest_lb_2010.tif","commercial_fishing_demersal_nondestructive_low_bycatch_2010_impact.tif"
"Commercial fishing: demersal nondestructive low bycatch","2011","impact","/home/shares/ohi/git-annex/impact_acceleration/impact/stressor_impact/dem_nondest_lb_2011.tif","commercial_fishing_demersal_nondestructive_low_bycatch_2011_impact.tif"
"Commercial fishing: demersal nondestructive low bycatch","2012","impact","/home/shares/ohi/git-annex/impact_acceleration/impact/stressor_impact/dem_nondest_lb_2012.tif","commercial_fishing_demersal_nondestructive_low_bycatch_2012_impact.tif"
"Commercial fishing: demersal nondestructive low bycatch","2013","impact","/home/shares/ohi/git-annex/impact_acceleration/impact/stressor_impact/dem_nondest_lb_2013.tif","commercial_fishing_demersal_nondestructive_low_bycatch_2013_impact.tif"
"Commercial fishing: demersal nondestructive low bycatch","2003-2013","trend","/home/shares/ohi/git-annex/impact_acceleration/impact/trend/impacts/dem_nondest_lb_trend.tif","commercial_fishing_demersal_nondestructive_low_bycatch_2003-2013_trend.tif"
"Commercial fishing: pelagic high bycatch","2003","raw","/home/shares/ohi/git-annex/impact_acceleration/stressors/comm_fish/int/catch_annual_npp_rasters/pel_hb/pel_hb_2003.tif","commercial_fishing_pelagic_high_bycatch_2003_raw.tif"
"Commercial fishing: pelagic high bycatch","2004","raw","/home/shares/ohi/git-annex/impact_acceleration/stressors/comm_fish/int/catch_annual_npp_rasters/pel_hb/pel_hb_2004.tif","commercial_fishing_pelagic_high_bycatch_2004_raw.tif"
"Commercial fishing: pelagic high bycatch","2005","raw","/home/shares/ohi/git-annex/impact_acceleration/stressors/comm_fish/int/catch_annual_npp_rasters/pel_hb/pel_hb_2005.tif","commercial_fishing_pelagic_high_bycatch_2005_raw.tif"
"Commercial fishing: pelagic high bycatch","2006","raw","/home/shares/ohi/git-annex/impact_acceleration/stressors/comm_fish/int/catch_annual_npp_rasters/pel_hb/pel_hb_2006.tif","commercial_fishing_pelagic_high_bycatch_2006_raw.tif"
"Commercial fishing: pelagic high bycatch","2007","raw","/home/shares/ohi/git-annex/impact_acceleration/stressors/comm_fish/int/catch_annual_npp_rasters/pel_hb/pel_hb_2007.tif","commercial_fishing_pelagic_high_bycatch_2007_raw.tif"
"Commercial fishing: pelagic high bycatch","2008","raw","/home/shares/ohi/git-annex/impact_acceleration/stressors/comm_fish/int/catch_annual_npp_rasters/pel_hb/pel_hb_2008.tif","commercial_fishing_pelagic_high_bycatch_2008_raw.tif"
"Commercial fishing: pelagic high bycatch","2009","raw","/home/shares/ohi/git-annex/impact_acceleration/stressors/comm_fish/int/catch_annual_npp_rasters/pel_hb/pel_hb_2009.tif","commercial_fishing_pelagic_high_bycatch_2009_raw.tif"
"Commercial fishing: pelagic high bycatch","2010","raw","/home/shares/ohi/git-annex/impact_acceleration/stressors/comm_fish/int/catch_annual_npp_rasters/pel_hb/pel_hb_2010.tif","commercial_fishing_pelagic_high_bycatch_2010_raw.tif"
"Commercial fishing: pelagic high bycatch","2011","raw","/home/shares/ohi/git-annex/impact_acceleration/stressors/comm_fish/int/catch_annual_npp_rasters/pel_hb/pel_hb_2011.tif","commercial_fishing_pelagic_high_bycatch_2011_raw.tif"
"Commercial fishing: pelagic high bycatch","2012","raw","/home/shares/ohi/git-annex/impact_acceleration/stressors/comm_fish/int/catch_annual_npp_rasters/pel_hb/pel_hb_2012.tif","commercial_fishing_pelagic_high_bycatch_2012_raw.tif"
"Commercial fishing: pelagic high bycatch","2013","raw","/home/shares/ohi/git-annex/impact_acceleration/stressors/comm_fish/int/catch_annual_npp_rasters/pel_hb/pel_hb_2013.tif","commercial_fishing_pelagic_high_bycatch_2013_raw.tif"
"Commercial fishing: pelagic high bycatch","2003","rescaled","/home/shares/ohi/git-annex/impact_acceleration/stressors/comm_fish/final/pel_hb/pel_hb_2003_rescaled_mol.tif","commercial_fishing_pelagic_high_bycatch_2003_rescaled.tif"
"Commercial fishing: pelagic high bycatch","2004","rescaled","/home/shares/ohi/git-annex/impact_acceleration/stressors/comm_fish/final/pel_hb/pel_hb_2004_rescaled_mol.tif","commercial_fishing_pelagic_high_bycatch_2004_rescaled.tif"
"Commercial fishing: pelagic high bycatch","2005","rescaled","/home/shares/ohi/git-annex/impact_acceleration/stressors/comm_fish/final/pel_hb/pel_hb_2005_rescaled_mol.tif","commercial_fishing_pelagic_high_bycatch_2005_rescaled.tif"
"Commercial fishing: pelagic high bycatch","2006","rescaled","/home/shares/ohi/git-annex/impact_acceleration/stressors/comm_fish/final/pel_hb/pel_hb_2006_rescaled_mol.tif","commercial_fishing_pelagic_high_bycatch_2006_rescaled.tif"
"Commercial fishing: pelagic high bycatch","2007","rescaled","/home/shares/ohi/git-annex/impact_acceleration/stressors/comm_fish/final/pel_hb/pel_hb_2007_rescaled_mol.tif","commercial_fishing_pelagic_high_bycatch_2007_rescaled.tif"
"Commercial fishing: pelagic high bycatch","2008","rescaled","/home/shares/ohi/git-annex/impact_acceleration/stressors/comm_fish/final/pel_hb/pel_hb_2008_rescaled_mol.tif","commercial_fishing_pelagic_high_bycatch_2008_rescaled.tif"
"Commercial fishing: pelagic high bycatch","2009","rescaled","/home/shares/ohi/git-annex/impact_acceleration/stressors/comm_fish/final/pel_hb/pel_hb_2009_rescaled_mol.tif","commercial_fishing_pelagic_high_bycatch_2009_rescaled.tif"
"Commercial fishing: pelagic high bycatch","2010","rescaled","/home/shares/ohi/git-annex/impact_acceleration/stressors/comm_fish/final/pel_hb/pel_hb_2010_rescaled_mol.tif","commercial_fishing_pelagic_high_bycatch_2010_rescaled.tif"
"Commercial fishing: pelagic high bycatch","2011","rescaled","/home/shares/ohi/git-annex/impact_acceleration/stressors/comm_fish/final/pel_hb/pel_hb_2011_rescaled_mol.tif","commercial_fishing_pelagic_high_bycatch_2011_rescaled.tif"
"Commercial fishing: pelagic high bycatch","2012","rescaled","/home/shares/ohi/git-annex/impact_acceleration/stressors/comm_fish/final/pel_hb/pel_hb_2012_rescaled_mol.tif","commercial_fishing_pelagic_high_bycatch_2012_rescaled.tif"
"Commercial fishing: pelagic high bycatch","2013","rescaled","/home/shares/ohi/git-annex/impact_acceleration/stressors/comm_fish/final/pel_hb/pel_hb_2013_rescaled_mol.tif","commercial_fishing_pelagic_high_bycatch_2013_rescaled.tif"
"Commercial fishing: pelagic high bycatch","2003","impact","/home/shares/ohi/git-annex/impact_acceleration/impact/stressor_impact/pel_hb_2003.tif","commercial_fishing_pelagic_high_bycatch_2003_impact.tif"
"Commercial fishing: pelagic high bycatch","2004","impact","/home/shares/ohi/git-annex/impact_acceleration/impact/stressor_impact/pel_hb_2004.tif","commercial_fishing_pelagic_high_bycatch_2004_impact.tif"
"Commercial fishing: pelagic high bycatch","2005","impact","/home/shares/ohi/git-annex/impact_acceleration/impact/stressor_impact/pel_hb_2005.tif","commercial_fishing_pelagic_high_bycatch_2005_impact.tif"
"Commercial fishing: pelagic high bycatch","2006","impact","/home/shares/ohi/git-annex/impact_acceleration/impact/stressor_impact/pel_hb_2006.tif","commercial_fishing_pelagic_high_bycatch_2006_impact.tif"
"Commercial fishing: pelagic high bycatch","2007","impact","/home/shares/ohi/git-annex/impact_acceleration/impact/stressor_impact/pel_hb_2007.tif","commercial_fishing_pelagic_high_bycatch_2007_impact.tif"
"Commercial fishing: pelagic high bycatch","2008","impact","/home/shares/ohi/git-annex/impact_acceleration/impact/stressor_impact/pel_hb_2008.tif","commercial_fishing_pelagic_high_bycatch_2008_impact.tif"
"Commercial fishing: pelagic high bycatch","2009","impact","/home/shares/ohi/git-annex/impact_acceleration/impact/stressor_impact/pel_hb_2009.tif","commercial_fishing_pelagic_high_bycatch_2009_impact.tif"
"Commercial fishing: pelagic high bycatch","2010","impact","/home/shares/ohi/git-annex/impact_acceleration/impact/stressor_impact/pel_hb_2010.tif","commercial_fishing_pelagic_high_bycatch_2010_impact.tif"
"Commercial fishing: pelagic high bycatch","2011","impact","/home/shares/ohi/git-annex/impact_acceleration/impact/stressor_impact/pel_hb_2011.tif","commercial_fishing_pelagic_high_bycatch_2011_impact.tif"
"Commercial fishing: pelagic high bycatch","2012","impact","/home/shares/ohi/git-annex/impact_acceleration/impact/stressor_impact/pel_hb_2012.tif","commercial_fishing_pelagic_high_bycatch_2012_impact.tif"
"Commercial fishing: pelagic high bycatch","2013","impact","/home/shares/ohi/git-annex/impact_acceleration/impact/stressor_impact/pel_hb_2013.tif","commercial_fishing_pelagic_high_bycatch_2013_impact.tif"
"Commercial fishing: pelagic high bycatch","2003-2013","trend","/home/shares/ohi/git-annex/impact_acceleration/impact/trend/impacts/pel_hb_trend.tif","commercial_fishing_pelagic_high_bycatch_2003-2013_trend.tif"
"Commercial fishing: pelagic low bycatch","2003","raw","/home/shares/ohi/git-annex/impact_acceleration/stressors/comm_fish/int/catch_annual_npp_rasters/pel_lb/pel_lb_2003.tif","commercial_fishing_pelagic_low_bycatch_2003_raw.tif"
"Commercial fishing: pelagic low bycatch","2004","raw","/home/shares/ohi/git-annex/impact_acceleration/stressors/comm_fish/int/catch_annual_npp_rasters/pel_lb/pel_lb_2004.tif","commercial_fishing_pelagic_low_bycatch_2004_raw.tif"
"Commercial fishing: pelagic low bycatch","2005","raw","/home/shares/ohi/git-annex/impact_acceleration/stressors/comm_fish/int/catch_annual_npp_rasters/pel_lb/pel_lb_2005.tif","commercial_fishing_pelagic_low_bycatch_2005_raw.tif"
"Commercial fishing: pelagic low bycatch","2006","raw","/home/shares/ohi/git-annex/impact_acceleration/stressors/comm_fish/int/catch_annual_npp_rasters/pel_lb/pel_lb_2006.tif","commercial_fishing_pelagic_low_bycatch_2006_raw.tif"
"Commercial fishing: pelagic low bycatch","2007","raw","/home/shares/ohi/git-annex/impact_acceleration/stressors/comm_fish/int/catch_annual_npp_rasters/pel_lb/pel_lb_2007.tif","commercial_fishing_pelagic_low_bycatch_2007_raw.tif"
"Commercial fishing: pelagic low bycatch","2008","raw","/home/shares/ohi/git-annex/impact_acceleration/stressors/comm_fish/int/catch_annual_npp_rasters/pel_lb/pel_lb_2008.tif","commercial_fishing_pelagic_low_bycatch_2008_raw.tif"
"Commercial fishing: pelagic low bycatch","2009","raw","/home/shares/ohi/git-annex/impact_acceleration/stressors/comm_fish/int/catch_annual_npp_rasters/pel_lb/pel_lb_2009.tif","commercial_fishing_pelagic_low_bycatch_2009_raw.tif"
"Commercial fishing: pelagic low bycatch","2010","raw","/home/shares/ohi/git-annex/impact_acceleration/stressors/comm_fish/int/catch_annual_npp_rasters/pel_lb/pel_lb_2010.tif","commercial_fishing_pelagic_low_bycatch_2010_raw.tif"
"Commercial fishing: pelagic low bycatch","2011","raw","/home/shares/ohi/git-annex/impact_acceleration/stressors/comm_fish/int/catch_annual_npp_rasters/pel_lb/pel_lb_2011.tif","commercial_fishing_pelagic_low_bycatch_2011_raw.tif"
"Commercial fishing: pelagic low bycatch","2012","raw","/home/shares/ohi/git-annex/impact_acceleration/stressors/comm_fish/int/catch_annual_npp_rasters/pel_lb/pel_lb_2012.tif","commercial_fishing_pelagic_low_bycatch_2012_raw.tif"
"Commercial fishing: pelagic low bycatch","2013","raw","/home/shares/ohi/git-annex/impact_acceleration/stressors/comm_fish/int/catch_annual_npp_rasters/pel_lb/pel_lb_2013.tif","commercial_fishing_pelagic_low_bycatch_2013_raw.tif"
"Commercial fishing: pelagic low bycatch","2003","rescaled","/home/shares/ohi/git-annex/impact_acceleration/stressors/comm_fish/final/pel_lb/pel_lb_2003_rescaled_mol.tif","commercial_fishing_pelagic_low_bycatch_2003_rescaled.tif"
"Commercial fishing: pelagic low bycatch","2004","rescaled","/home/shares/ohi/git-annex/impact_acceleration/stressors/comm_fish/final/pel_lb/pel_lb_2004_rescaled_mol.tif","commercial_fishing_pelagic_low_bycatch_2004_rescaled.tif"
"Commercial fishing: pelagic low bycatch","2005","rescaled","/home/shares/ohi/git-annex/impact_acceleration/stressors/comm_fish/final/pel_lb/pel_lb_2005_rescaled_mol.tif","commercial_fishing_pelagic_low_bycatch_2005_rescaled.tif"
"Commercial fishing: pelagic low bycatch","2006","rescaled","/home/shares/ohi/git-annex/impact_acceleration/stressors/comm_fish/final/pel_lb/pel_lb_2006_rescaled_mol.tif","commercial_fishing_pelagic_low_bycatch_2006_rescaled.tif"
"Commercial fishing: pelagic low bycatch","2007","rescaled","/home/shares/ohi/git-annex/impact_acceleration/stressors/comm_fish/final/pel_lb/pel_lb_2007_rescaled_mol.tif","commercial_fishing_pelagic_low_bycatch_2007_rescaled.tif"
"Commercial fishing: pelagic low bycatch","2008","rescaled","/home/shares/ohi/git-annex/impact_acceleration/stressors/comm_fish/final/pel_lb/pel_lb_2008_rescaled_mol.tif","commercial_fishing_pelagic_low_bycatch_2008_rescaled.tif"
"Commercial fishing: pelagic low bycatch","2009","rescaled","/home/shares/ohi/git-annex/impact_acceleration/stressors/comm_fish/final/pel_lb/pel_lb_2009_rescaled_mol.tif","commercial_fishing_pelagic_low_bycatch_2009_rescaled.tif"
"Commercial fishing: pelagic low bycatch","2010","rescaled","/home/shares/ohi/git-annex/impact_acceleration/stressors/comm_fish/final/pel_lb/pel_lb_2010_rescaled_mol.tif","commercial_fishing_pelagic_low_bycatch_2010_rescaled.tif"
"Commercial fishing: pelagic low bycatch","2011","rescaled","/home/shares/ohi/git-annex/impact_acceleration/stressors/comm_fish/final/pel_lb/pel_lb_2011_rescaled_mol.tif","commercial_fishing_pelagic_low_bycatch_2011_rescaled.tif"
"Commercial fishing: pelagic low bycatch","2012","rescaled","/home/shares/ohi/git-annex/impact_acceleration/stressors/comm_fish/final/pel_lb/pel_lb_2012_rescaled_mol.tif","commercial_fishing_pelagic_low_bycatch_2012_rescaled.tif"
"Commercial fishing: pelagic low bycatch","2013","rescaled","/home/shares/ohi/git-annex/impact_acceleration/stressors/comm_fish/final/pel_lb/pel_lb_2013_rescaled_mol.tif","commercial_fishing_pelagic_low_bycatch_2013_rescaled.tif"
"Commercial fishing: pelagic low bycatch","2003","impact","/home/shares/ohi/git-annex/impact_acceleration/impact/stressor_impact/pel_lb_2003.tif","commercial_fishing_pelagic_low_bycatch_2003_impact.tif"
"Commercial fishing: pelagic low bycatch","2004","impact","/home/shares/ohi/git-annex/impact_acceleration/impact/stressor_impact/pel_lb_2004.tif","commercial_fishing_pelagic_low_bycatch_2004_impact.tif"
"Commercial fishing: pelagic low bycatch","2005","impact","/home/shares/ohi/git-annex/impact_acceleration/impact/stressor_impact/pel_lb_2005.tif","commercial_fishing_pelagic_low_bycatch_2005_impact.tif"
"Commercial fishing: pelagic low bycatch","2006","impact","/home/shares/ohi/git-annex/impact_acceleration/impact/stressor_impact/pel_lb_2006.tif","commercial_fishing_pelagic_low_bycatch_2006_impact.tif"
"Commercial fishing: pelagic low bycatch","2007","impact","/home/shares/ohi/git-annex/impact_acceleration/impact/stressor_impact/pel_lb_2007.tif","commercial_fishing_pelagic_low_bycatch_2007_impact.tif"
"Commercial fishing: pelagic low bycatch","2008","impact","/home/shares/ohi/git-annex/impact_acceleration/impact/stressor_impact/pel_lb_2008.tif","commercial_fishing_pelagic_low_bycatch_2008_impact.tif"
"Commercial fishing: pelagic low bycatch","2009","impact","/home/shares/ohi/git-annex/impact_acceleration/impact/stressor_impact/pel_lb_2009.tif","commercial_fishing_pelagic_low_bycatch_2009_impact.tif"
"Commercial fishing: pelagic low bycatch","2010","impact","/home/shares/ohi/git-annex/impact_acceleration/impact/stressor_impact/pel_lb_2010.tif","commercial_fishing_pelagic_low_bycatch_2010_impact.tif"
"Commercial fishing: pelagic low bycatch","2011","impact","/home/shares/ohi/git-annex/impact_acceleration/impact/stressor_impact/pel_lb_2011.tif","commercial_fishing_pelagic_low_bycatch_2011_impact.tif"
"Commercial fishing: pelagic low bycatch","2012","impact","/home/shares/ohi/git-annex/impact_acceleration/impact/stressor_impact/pel_lb_2012.tif","commercial_fishing_pelagic_low_bycatch_2012_impact.tif"
"Commercial fishing: pelagic low bycatch","2013","impact","/home/shares/ohi/git-annex/impact_acceleration/impact/stressor_impact/pel_lb_2013.tif","commercial_fishing_pelagic_low_bycatch_2013_impact.tif"
"Commercial fishing: pelagic low bycatch","2003-2013","trend","/home/shares/ohi/git-annex/impact_acceleration/impact/trend/impacts/pel_lb_trend.tif","commercial_fishing_pelagic_low_bycatch_2003-2013_trend.tif"
"Nutrient pollution","2003","raw","/home/shares/ohi/git-annex/impact_acceleration/stressors/land_based/int/global_plumes_fert_2003_log.tif","nutrient_pollution_2003_raw.tif"
"Nutrient pollution","2004","raw","/home/shares/ohi/git-annex/impact_acceleration/stressors/land_based/int/global_plumes_fert_2004_log.tif","nutrient_pollution_2004_raw.tif"
"Nutrient pollution","2005","raw","/home/shares/ohi/git-annex/impact_acceleration/stressors/land_based/int/global_plumes_fert_2005_log.tif","nutrient_pollution_2005_raw.tif"
"Nutrient pollution","2006","raw","/home/shares/ohi/git-annex/impact_acceleration/stressors/land_based/int/global_plumes_fert_2006_log.tif","nutrient_pollution_2006_raw.tif"
"Nutrient pollution","2007","raw","/home/shares/ohi/git-annex/impact_acceleration/stressors/land_based/int/global_plumes_fert_2007_log.tif","nutrient_pollution_2007_raw.tif"
"Nutrient pollution","2008","raw","/home/shares/ohi/git-annex/impact_acceleration/stressors/land_based/int/global_plumes_fert_2008_log.tif","nutrient_pollution_2008_raw.tif"
"Nutrient pollution","2009","raw","/home/shares/ohi/git-annex/impact_acceleration/stressors/land_based/int/global_plumes_fert_2009_log.tif","nutrient_pollution_2009_raw.tif"
"Nutrient pollution","2010","raw","/home/shares/ohi/git-annex/impact_acceleration/stressors/land_based/int/global_plumes_fert_2010_log.tif","nutrient_pollution_2010_raw.tif"
"Nutrient pollution","2011","raw","/home/shares/ohi/git-annex/impact_acceleration/stressors/land_based/int/global_plumes_fert_2011_log.tif","nutrient_pollution_2011_raw.tif"
"Nutrient pollution","2012","raw","/home/shares/ohi/git-annex/impact_acceleration/stressors/land_based/int/global_plumes_fert_2012_log.tif","nutrient_pollution_2012_raw.tif"
"Nutrient pollution","2013","raw","/home/shares/ohi/git-annex/impact_acceleration/stressors/land_based/int/global_plumes_fert_2013_log.tif","nutrient_pollution_2013_raw.tif"
"Nutrient pollution","2003","rescaled","/home/shares/ohi/git-annex/impact_acceleration/stressors/land_based/final/nutrient/nutrient_2003_rescaled_mol.tif","nutrient_pollution_2003_rescaled.tif"
"Nutrient pollution","2004","rescaled","/home/shares/ohi/git-annex/impact_acceleration/stressors/land_based/final/nutrient/nutrient_2004_rescaled_mol.tif","nutrient_pollution_2004_rescaled.tif"
"Nutrient pollution","2005","rescaled","/home/shares/ohi/git-annex/impact_acceleration/stressors/land_based/final/nutrient/nutrient_2005_rescaled_mol.tif","nutrient_pollution_2005_rescaled.tif"
"Nutrient pollution","2006","rescaled","/home/shares/ohi/git-annex/impact_acceleration/stressors/land_based/final/nutrient/nutrient_2006_rescaled_mol.tif","nutrient_pollution_2006_rescaled.tif"
"Nutrient pollution","2007","rescaled","/home/shares/ohi/git-annex/impact_acceleration/stressors/land_based/final/nutrient/nutrient_2007_rescaled_mol.tif","nutrient_pollution_2007_rescaled.tif"
"Nutrient pollution","2008","rescaled","/home/shares/ohi/git-annex/impact_acceleration/stressors/land_based/final/nutrient/nutrient_2008_rescaled_mol.tif","nutrient_pollution_2008_rescaled.tif"
"Nutrient pollution","2009","rescaled","/home/shares/ohi/git-annex/impact_acceleration/stressors/land_based/final/nutrient/nutrient_2009_rescaled_mol.tif","nutrient_pollution_2009_rescaled.tif"
"Nutrient pollution","2010","rescaled","/home/shares/ohi/git-annex/impact_acceleration/stressors/land_based/final/nutrient/nutrient_2010_rescaled_mol.tif","nutrient_pollution_2010_rescaled.tif"
"Nutrient pollution","2011","rescaled","/home/shares/ohi/git-annex/impact_acceleration/stressors/land_based/final/nutrient/nutrient_2011_rescaled_mol.tif","nutrient_pollution_2011_rescaled.tif"
"Nutrient pollution","2012","rescaled","/home/shares/ohi/git-annex/impact_acceleration/stressors/land_based/final/nutrient/nutrient_2012_rescaled_mol.tif","nutrient_pollution_2012_rescaled.tif"
"Nutrient pollution","2013","rescaled","/home/shares/ohi/git-annex/impact_acceleration/stressors/land_based/final/nutrient/nutrient_2013_rescaled_mol.tif","nutrient_pollution_2013_rescaled.tif"
"Nutrient pollution","2003","impact","/home/shares/ohi/git-annex/impact_acceleration/impact/stressor_impact/nutrient_2003.tif","nutrient_pollution_2003_impact.tif"
"Nutrient pollution","2004","impact","/home/shares/ohi/git-annex/impact_acceleration/impact/stressor_impact/nutrient_2004.tif","nutrient_pollution_2004_impact.tif"
"Nutrient pollution","2005","impact","/home/shares/ohi/git-annex/impact_acceleration/impact/stressor_impact/nutrient_2005.tif","nutrient_pollution_2005_impact.tif"
"Nutrient pollution","2006","impact","/home/shares/ohi/git-annex/impact_acceleration/impact/stressor_impact/nutrient_2006.tif","nutrient_pollution_2006_impact.tif"
"Nutrient pollution","2007","impact","/home/shares/ohi/git-annex/impact_acceleration/impact/stressor_impact/nutrient_2007.tif","nutrient_pollution_2007_impact.tif"
"Nutrient pollution","2008","impact","/home/shares/ohi/git-annex/impact_acceleration/impact/stressor_impact/nutrient_2008.tif","nutrient_pollution_2008_impact.tif"
"Nutrient pollution","2009","impact","/home/shares/ohi/git-annex/impact_acceleration/impact/stressor_impact/nutrient_2009.tif","nutrient_pollution_2009_impact.tif"
"Nutrient pollution","2010","impact","/home/shares/ohi/git-annex/impact_acceleration/impact/stressor_impact/nutrient_2010.tif","nutrient_pollution_2010_impact.tif"
"Nutrient pollution","2011","impact","/home/shares/ohi/git-annex/impact_acceleration/impact/stressor_impact/nutrient_2011.tif","nutrient_pollution_2011_impact.tif"
"Nutrient pollution","2012","impact","/home/shares/ohi/git-annex/impact_acceleration/impact/stressor_impact/nutrient_2012.tif","nutrient_pollution_2012_impact.tif"
"Nutrient pollution","2013","impact","/home/shares/ohi/git-annex/impact_acceleration/impact/stressor_impact/nutrient_2013.tif","nutrient_pollution_2013_impact.tif"
"Nutrient pollution","2003-2013","trend","/home/shares/ohi/git-annex/impact_acceleration/impact/trend/impacts/nutrient_trend.tif","nutrient_pollution_2003-2013_trend.tif"
"Organic chemical pollution","2003","raw","/home/shares/ohi/git-annex/impact_acceleration/stressors/land_based/int/global_plumes_pest_2003_log.tif","organic_chemical_pollution_2003_raw.tif"
"Organic chemical pollution","2004","raw","/home/shares/ohi/git-annex/impact_acceleration/stressors/land_based/int/global_plumes_pest_2004_log.tif","organic_chemical_pollution_2004_raw.tif"
"Organic chemical pollution","2005","raw","/home/shares/ohi/git-annex/impact_acceleration/stressors/land_based/int/global_plumes_pest_2005_log.tif","organic_chemical_pollution_2005_raw.tif"
"Organic chemical pollution","2006","raw","/home/shares/ohi/git-annex/impact_acceleration/stressors/land_based/int/global_plumes_pest_2006_log.tif","organic_chemical_pollution_2006_raw.tif"
"Organic chemical pollution","2007","raw","/home/shares/ohi/git-annex/impact_acceleration/stressors/land_based/int/global_plumes_pest_2007_log.tif","organic_chemical_pollution_2007_raw.tif"
"Organic chemical pollution","2008","raw","/home/shares/ohi/git-annex/impact_acceleration/stressors/land_based/int/global_plumes_pest_2008_log.tif","organic_chemical_pollution_2008_raw.tif"
"Organic chemical pollution","2009","raw","/home/shares/ohi/git-annex/impact_acceleration/stressors/land_based/int/global_plumes_pest_2009_log.tif","organic_chemical_pollution_2009_raw.tif"
"Organic chemical pollution","2010","raw","/home/shares/ohi/git-annex/impact_acceleration/stressors/land_based/int/global_plumes_pest_2010_log.tif","organic_chemical_pollution_2010_raw.tif"
"Organic chemical pollution","2011","raw","/home/shares/ohi/git-annex/impact_acceleration/stressors/land_based/int/global_plumes_pest_2011_log.tif","organic_chemical_pollution_2011_raw.tif"
"Organic chemical pollution","2012","raw","/home/shares/ohi/git-annex/impact_acceleration/stressors/land_based/int/global_plumes_pest_2012_log.tif","organic_chemical_pollution_2012_raw.tif"
"Organic chemical pollution","2013","raw","/home/shares/ohi/git-annex/impact_acceleration/stressors/land_based/int/global_plumes_pest_2013_log.tif","organic_chemical_pollution_2013_raw.tif"
"Organic chemical pollution","2003","rescaled","/home/shares/ohi/git-annex/impact_acceleration/stressors/land_based/final/organic/organic_2003_rescaled_mol.tif","organic_chemical_pollution_2003_rescaled.tif"
"Organic chemical pollution","2004","rescaled","/home/shares/ohi/git-annex/impact_acceleration/stressors/land_based/final/organic/organic_2004_rescaled_mol.tif","organic_chemical_pollution_2004_rescaled.tif"
"Organic chemical pollution","2005","rescaled","/home/shares/ohi/git-annex/impact_acceleration/stressors/land_based/final/organic/organic_2005_rescaled_mol.tif","organic_chemical_pollution_2005_rescaled.tif"
"Organic chemical pollution","2006","rescaled","/home/shares/ohi/git-annex/impact_acceleration/stressors/land_based/final/organic/organic_2006_rescaled_mol.tif","organic_chemical_pollution_2006_rescaled.tif"
"Organic chemical pollution","2007","rescaled","/home/shares/ohi/git-annex/impact_acceleration/stressors/land_based/final/organic/organic_2007_rescaled_mol.tif","organic_chemical_pollution_2007_rescaled.tif"
"Organic chemical pollution","2008","rescaled","/home/shares/ohi/git-annex/impact_acceleration/stressors/land_based/final/organic/organic_2008_rescaled_mol.tif","organic_chemical_pollution_2008_rescaled.tif"
"Organic chemical pollution","2009","rescaled","/home/shares/ohi/git-annex/impact_acceleration/stressors/land_based/final/organic/organic_2009_rescaled_mol.tif","organic_chemical_pollution_2009_rescaled.tif"
"Organic chemical pollution","2010","rescaled","/home/shares/ohi/git-annex/impact_acceleration/stressors/land_based/final/organic/organic_2010_rescaled_mol.tif","organic_chemical_pollution_2010_rescaled.tif"
"Organic chemical pollution","2011","rescaled","/home/shares/ohi/git-annex/impact_acceleration/stressors/land_based/final/organic/organic_2011_rescaled_mol.tif","organic_chemical_pollution_2011_rescaled.tif"
"Organic chemical pollution","2012","rescaled","/home/shares/ohi/git-annex/impact_acceleration/stressors/land_based/final/organic/organic_2012_rescaled_mol.tif","organic_chemical_pollution_2012_rescaled.tif"
"Organic chemical pollution","2013","rescaled","/home/shares/ohi/git-annex/impact_acceleration/stressors/land_based/final/organic/organic_2013_rescaled_mol.tif","organic_chemical_pollution_2013_rescaled.tif"
"Organic chemical pollution","2003","impact","/home/shares/ohi/git-annex/impact_acceleration/impact/stressor_impact/organic_2003.tif","organic_chemical_pollution_2003_impact.tif"
"Organic chemical pollution","2004","impact","/home/shares/ohi/git-annex/impact_acceleration/impact/stressor_impact/organic_2004.tif","organic_chemical_pollution_2004_impact.tif"
"Organic chemical pollution","2005","impact","/home/shares/ohi/git-annex/impact_acceleration/impact/stressor_impact/organic_2005.tif","organic_chemical_pollution_2005_impact.tif"
"Organic chemical pollution","2006","impact","/home/shares/ohi/git-annex/impact_acceleration/impact/stressor_impact/organic_2006.tif","organic_chemical_pollution_2006_impact.tif"
"Organic chemical pollution","2007","impact","/home/shares/ohi/git-annex/impact_acceleration/impact/stressor_impact/organic_2007.tif","organic_chemical_pollution_2007_impact.tif"
"Organic chemical pollution","2008","impact","/home/shares/ohi/git-annex/impact_acceleration/impact/stressor_impact/organic_2008.tif","organic_chemical_pollution_2008_impact.tif"
"Organic chemical pollution","2009","impact","/home/shares/ohi/git-annex/impact_acceleration/impact/stressor_impact/organic_2009.tif","organic_chemical_pollution_2009_impact.tif"
"Organic chemical pollution","2010","impact","/home/shares/ohi/git-annex/impact_acceleration/impact/stressor_impact/organic_2010.tif","organic_chemical_pollution_2010_impact.tif"
"Organic chemical pollution","2011","impact","/home/shares/ohi/git-annex/impact_acceleration/impact/stressor_impact/organic_2011.tif","organic_chemical_pollution_2011_impact.tif"
"Organic chemical pollution","2012","impact","/home/shares/ohi/git-annex/impact_acceleration/impact/stressor_impact/organic_2012.tif","organic_chemical_pollution_2012_impact.tif"
"Organic chemical pollution","2013","impact","/home/shares/ohi/git-annex/impact_acceleration/impact/stressor_impact/organic_2013.tif","organic_chemical_pollution_2013_impact.tif"
"Organic chemical pollution","2003-2013","trend","/home/shares/ohi/git-annex/impact_acceleration/impact/trend/impacts/organic_trend.tif","organic_chemical_pollution_2003-2013_trend.tif"
"Direct human","2003","raw","/home/shares/ohi/git-annex/impact_acceleration/stressors/direct_human/int/pop_count_10km_2003_log_mask.tif","direct_human_2003_raw.tif"
"Direct human","2004","raw","/home/shares/ohi/git-annex/impact_acceleration/stressors/direct_human/int/pop_count_10km_2004_log_mask.tif","direct_human_2004_raw.tif"
"Direct human","2005","raw","/home/shares/ohi/git-annex/impact_acceleration/stressors/direct_human/int/pop_count_10km_2005_log_mask.tif","direct_human_2005_raw.tif"
"Direct human","2006","raw","/home/shares/ohi/git-annex/impact_acceleration/stressors/direct_human/int/pop_count_10km_2006_log_mask.tif","direct_human_2006_raw.tif"
"Direct human","2007","raw","/home/shares/ohi/git-annex/impact_acceleration/stressors/direct_human/int/pop_count_10km_2007_log_mask.tif","direct_human_2007_raw.tif"
"Direct human","2008","raw","/home/shares/ohi/git-annex/impact_acceleration/stressors/direct_human/int/pop_count_10km_2008_log_mask.tif","direct_human_2008_raw.tif"
"Direct human","2009","raw","/home/shares/ohi/git-annex/impact_acceleration/stressors/direct_human/int/pop_count_10km_2009_log_mask.tif","direct_human_2009_raw.tif"
"Direct human","2010","raw","/home/shares/ohi/git-annex/impact_acceleration/stressors/direct_human/int/pop_count_10km_2010_log_mask.tif","direct_human_2010_raw.tif"
"Direct human","2011","raw","/home/shares/ohi/git-annex/impact_acceleration/stressors/direct_human/int/pop_count_10km_2011_log_mask.tif","direct_human_2011_raw.tif"
"Direct human","2012","raw","/home/shares/ohi/git-annex/impact_acceleration/stressors/direct_human/int/pop_count_10km_2012_log_mask.tif","direct_human_2012_raw.tif"
"Direct human","2013","raw","/home/shares/ohi/git-annex/impact_acceleration/stressors/direct_human/int/pop_count_10km_2013_log_mask.tif","direct_human_2013_raw.tif"
"Direct human","2003","rescaled","/home/shares/ohi/git-annex/impact_acceleration/stressors/direct_human/final/direct_human_2003_rescaled_mol.tif","direct_human_2003_rescaled.tif"
"Direct human","2004","rescaled","/home/shares/ohi/git-annex/impact_acceleration/stressors/direct_human/final/direct_human_2004_rescaled_mol.tif","direct_human_2004_rescaled.tif"
"Direct human","2005","rescaled","/home/shares/ohi/git-annex/impact_acceleration/stressors/direct_human/final/direct_human_2005_rescaled_mol.tif","direct_human_2005_rescaled.tif"
"Direct human","2006","rescaled","/home/shares/ohi/git-annex/impact_acceleration/stressors/direct_human/final/direct_human_2006_rescaled_mol.tif","direct_human_2006_rescaled.tif"
"Direct human","2007","rescaled","/home/shares/ohi/git-annex/impact_acceleration/stressors/direct_human/final/direct_human_2007_rescaled_mol.tif","direct_human_2007_rescaled.tif"
"Direct human","2008","rescaled","/home/shares/ohi/git-annex/impact_acceleration/stressors/direct_human/final/direct_human_2008_rescaled_mol.tif","direct_human_2008_rescaled.tif"
"Direct human","2009","rescaled","/home/shares/ohi/git-annex/impact_acceleration/stressors/direct_human/final/direct_human_2009_rescaled_mol.tif","direct_human_2009_rescaled.tif"
"Direct human","2010","rescaled","/home/shares/ohi/git-annex/impact_acceleration/stressors/direct_human/final/direct_human_2010_rescaled_mol.tif","direct_human_2010_rescaled.tif"
"Direct human","2011","rescaled","/home/shares/ohi/git-annex/impact_acceleration/stressors/direct_human/final/direct_human_2011_rescaled_mol.tif","direct_human_2011_rescaled.tif"
"Direct human","2012","rescaled","/home/shares/ohi/git-annex/impact_acceleration/stressors/direct_human/final/direct_human_2012_rescaled_mol.tif","direct_human_2012_rescaled.tif"
"Direct human","2013","rescaled","/home/shares/ohi/git-annex/impact_acceleration/stressors/direct_human/final/direct_human_2013_rescaled_mol.tif","direct_human_2013_rescaled.tif"
"Direct human","2003","impact","/home/shares/ohi/git-annex/impact_acceleration/impact/stressor_impact/direct_human_2003.tif","direct_human_2003_impact.tif"
"Direct human","2004","impact","/home/shares/ohi/git-annex/impact_acceleration/impact/stressor_impact/direct_human_2004.tif","direct_human_2004_impact.tif"
"Direct human","2005","impact","/home/shares/ohi/git-annex/impact_acceleration/impact/stressor_impact/direct_human_2005.tif","direct_human_2005_impact.tif"
"Direct human","2006","impact","/home/shares/ohi/git-annex/impact_acceleration/impact/stressor_impact/direct_human_2006.tif","direct_human_2006_impact.tif"
"Direct human","2007","impact","/home/shares/ohi/git-annex/impact_acceleration/impact/stressor_impact/direct_human_2007.tif","direct_human_2007_impact.tif"
"Direct human","2008","impact","/home/shares/ohi/git-annex/impact_acceleration/impact/stressor_impact/direct_human_2008.tif","direct_human_2008_impact.tif"
"Direct human","2009","impact","/home/shares/ohi/git-annex/impact_acceleration/impact/stressor_impact/direct_human_2009.tif","direct_human_2009_impact.tif"
"Direct human","2010","impact","/home/shares/ohi/git-annex/impact_acceleration/impact/stressor_impact/direct_human_2010.tif","direct_human_2010_impact.tif"
"Direct human","2011","impact","/home/shares/ohi/git-annex/impact_acceleration/impact/stressor_impact/direct_human_2011.tif","direct_human_2011_impact.tif"
"Direct human","2012","impact","/home/shares/ohi/git-annex/impact_acceleration/impact/stressor_impact/direct_human_2012.tif","direct_human_2012_impact.tif"
"Direct human","2013","impact","/home/shares/ohi/git-annex/impact_acceleration/impact/stressor_impact/direct_human_2013.tif","direct_human_2013_impact.tif"
"Direct human","2003-2013","trend","/home/shares/ohi/git-annex/impact_acceleration/impact/trend/impacts/direct_human_trend.tif","direct_human_2003-2013_trend.tif"
"Light","2003","raw","/home/shares/ohi/git-annex/impact_acceleration/stressors/light_pollution/int/calibrated_rasts/F142003_cal_mol_mask.tif","light_2003_raw.tif"
"Light","2004","raw","/home/shares/ohi/git-annex/impact_acceleration/stressors/light_pollution/int/calibrated_rasts/F162004_cal_mol_mask.tif","light_2004_raw.tif"
"Light","2005","raw","/home/shares/ohi/git-annex/impact_acceleration/stressors/light_pollution/int/calibrated_rasts/F162005_cal_mol_mask.tif","light_2005_raw.tif"
"Light","2006","raw","/home/shares/ohi/git-annex/impact_acceleration/stressors/light_pollution/int/calibrated_rasts/F162006_cal_mol_mask.tif","light_2006_raw.tif"
"Light","2007","raw","/home/shares/ohi/git-annex/impact_acceleration/stressors/light_pollution/int/calibrated_rasts/F162007_cal_mol_mask.tif","light_2007_raw.tif"
"Light","2008","raw","/home/shares/ohi/git-annex/impact_acceleration/stressors/light_pollution/int/calibrated_rasts/F162008_cal_mol_mask.tif","light_2008_raw.tif"
"Light","2009","raw","/home/shares/ohi/git-annex/impact_acceleration/stressors/light_pollution/int/calibrated_rasts/F162009_cal_mol_mask.tif","light_2009_raw.tif"
"Light","2010","raw","/home/shares/ohi/git-annex/impact_acceleration/stressors/light_pollution/int/calibrated_rasts/F182010_cal_mol_mask.tif","light_2010_raw.tif"
"Light","2011","raw","/home/shares/ohi/git-annex/impact_acceleration/stressors/light_pollution/int/calibrated_rasts/F182011_cal_mol_mask.tif","light_2011_raw.tif"
"Light","2012","raw","/home/shares/ohi/git-annex/impact_acceleration/stressors/light_pollution/int/calibrated_rasts/F182012_cal_mol_mask.tif","light_2012_raw.tif"
"Light","2013","raw","/home/shares/ohi/git-annex/impact_acceleration/stressors/light_pollution/int/calibrated_rasts/F182013_cal_mol_mask.tif","light_2013_raw.tif"
"Light","2003","rescaled","/home/shares/ohi/git-annex/impact_acceleration/stressors/light_pollution/final/light_2003_rescaled_mol.tif","light_2003_rescaled.tif"
"Light","2004","rescaled","/home/shares/ohi/git-annex/impact_acceleration/stressors/light_pollution/final/light_2004_rescaled_mol.tif","light_2004_rescaled.tif"
"Light","2005","rescaled","/home/shares/ohi/git-annex/impact_acceleration/stressors/light_pollution/final/light_2005_rescaled_mol.tif","light_2005_rescaled.tif"
"Light","2006","rescaled","/home/shares/ohi/git-annex/impact_acceleration/stressors/light_pollution/final/light_2006_rescaled_mol.tif","light_2006_rescaled.tif"
"Light","2007","rescaled","/home/shares/ohi/git-annex/impact_acceleration/stressors/light_pollution/final/light_2007_rescaled_mol.tif","light_2007_rescaled.tif"
"Light","2008","rescaled","/home/shares/ohi/git-annex/impact_acceleration/stressors/light_pollution/final/light_2008_rescaled_mol.tif","light_2008_rescaled.tif"
"Light","2009","rescaled","/home/shares/ohi/git-annex/impact_acceleration/stressors/light_pollution/final/light_2009_rescaled_mol.tif","light_2009_rescaled.tif"
"Light","2010","rescaled","/home/shares/ohi/git-annex/impact_acceleration/stressors/light_pollution/final/light_2010_rescaled_mol.tif","light_2010_rescaled.tif"
"Light","2011","rescaled","/home/shares/ohi/git-annex/impact_acceleration/stressors/light_pollution/final/light_2011_rescaled_mol.tif","light_2011_rescaled.tif"
"Light","2012","rescaled","/home/shares/ohi/git-annex/impact_acceleration/stressors/light_pollution/final/light_2012_rescaled_mol.tif","light_2012_rescaled.tif"
"Light","2013","rescaled","/home/shares/ohi/git-annex/impact_acceleration/stressors/light_pollution/final/light_2013_rescaled_mol.tif","light_2013_rescaled.tif"
"Light","2003","impact","/home/shares/ohi/git-annex/impact_acceleration/impact/stressor_impact/light_2003.tif","light_2003_impact.tif"
"Light","2004","impact","/home/shares/ohi/git-annex/impact_acceleration/impact/stressor_impact/light_2004.tif","light_2004_impact.tif"
"Light","2005","impact","/home/shares/ohi/git-annex/impact_acceleration/impact/stressor_impact/light_2005.tif","light_2005_impact.tif"
"Light","2006","impact","/home/shares/ohi/git-annex/impact_acceleration/impact/stressor_impact/light_2006.tif","light_2006_impact.tif"
"Light","2007","impact","/home/shares/ohi/git-annex/impact_acceleration/impact/stressor_impact/light_2007.tif","light_2007_impact.tif"
"Light","2008","impact","/home/shares/ohi/git-annex/impact_acceleration/impact/stressor_impact/light_2008.tif","light_2008_impact.tif"
"Light","2009","impact","/home/shares/ohi/git-annex/impact_acceleration/impact/stressor_impact/light_2009.tif","light_2009_impact.tif"
"Light","2010","impact","/home/shares/ohi/git-annex/impact_acceleration/impact/stressor_impact/light_2010.tif","light_2010_impact.tif"
"Light","2011","impact","/home/shares/ohi/git-annex/impact_acceleration/impact/stressor_impact/light_2011.tif","light_2011_impact.tif"
"Light","2012","impact","/home/shares/ohi/git-annex/impact_acceleration/impact/stressor_impact/light_2012.tif","light_2012_impact.tif"
"Light","2013","impact","/home/shares/ohi/git-annex/impact_acceleration/impact/stressor_impact/light_2013.tif","light_2013_impact.tif"
"Light","2003-2013","trend","/home/shares/ohi/git-annex/impact_acceleration/impact/trend/impacts/light_trend.tif","light_2003-2013_trend.tif"
"Shipping","2003","raw","/home/shares/ohi/git-annex/impact_acceleration/stressors/shipping/int/adjusted_shipping_2003_mol_log.tif","shipping_2003_raw.tif"
"Shipping","2004","raw","/home/shares/ohi/git-annex/impact_acceleration/stressors/shipping/int/adjusted_shipping_2004_mol_log.tif","shipping_2004_raw.tif"
"Shipping","2005","raw","/home/shares/ohi/git-annex/impact_acceleration/stressors/shipping/int/adjusted_shipping_2005_mol_log.tif","shipping_2005_raw.tif"
"Shipping","2006","raw","/home/shares/ohi/git-annex/impact_acceleration/stressors/shipping/int/adjusted_shipping_2006_mol_log.tif","shipping_2006_raw.tif"
"Shipping","2007","raw","/home/shares/ohi/git-annex/impact_acceleration/stressors/shipping/int/adjusted_shipping_2007_mol_log.tif","shipping_2007_raw.tif"
"Shipping","2008","raw","/home/shares/ohi/git-annex/impact_acceleration/stressors/shipping/int/adjusted_shipping_2008_mol_log.tif","shipping_2008_raw.tif"
"Shipping","2009","raw","/home/shares/ohi/git-annex/impact_acceleration/stressors/shipping/int/adjusted_shipping_2009_mol_log.tif","shipping_2009_raw.tif"
"Shipping","2010","raw","/home/shares/ohi/git-annex/impact_acceleration/stressors/shipping/int/adjusted_shipping_2010_mol_log.tif","shipping_2010_raw.tif"
"Shipping","2011","raw","/home/shares/ohi/git-annex/impact_acceleration/stressors/shipping/int/adjusted_shipping_2011_mol_log.tif","shipping_2011_raw.tif"
"Shipping","2012","raw","/home/shares/ohi/git-annex/impact_acceleration/stressors/shipping/int/adjusted_shipping_2012_mol_log.tif","shipping_2012_raw.tif"
"Shipping","2013","raw","/home/shares/ohi/git-annex/impact_acceleration/stressors/shipping/int/adjusted_shipping_2013_mol_log.tif","shipping_2013_raw.tif"
"Shipping","2003","rescaled","/home/shares/ohi/git-annex/impact_acceleration/stressors/shipping/final/shipping_2003_rescaled_mol.tif","shipping_2003_rescaled.tif"
"Shipping","2004","rescaled","/home/shares/ohi/git-annex/impact_acceleration/stressors/shipping/final/shipping_2004_rescaled_mol.tif","shipping_2004_rescaled.tif"
"Shipping","2005","rescaled","/home/shares/ohi/git-annex/impact_acceleration/stressors/shipping/final/shipping_2005_rescaled_mol.tif","shipping_2005_rescaled.tif"
"Shipping","2006","rescaled","/home/shares/ohi/git-annex/impact_acceleration/stressors/shipping/final/shipping_2006_rescaled_mol.tif","shipping_2006_rescaled.tif"
"Shipping","2007","rescaled","/home/shares/ohi/git-annex/impact_acceleration/stressors/shipping/final/shipping_2007_rescaled_mol.tif","shipping_2007_rescaled.tif"
"Shipping","2008","rescaled","/home/shares/ohi/git-annex/impact_acceleration/stressors/shipping/final/shipping_2008_rescaled_mol.tif","shipping_2008_rescaled.tif"
"Shipping","2009","rescaled","/home/shares/ohi/git-annex/impact_acceleration/stressors/shipping/final/shipping_2009_rescaled_mol.tif","shipping_2009_rescaled.tif"
"Shipping","2010","rescaled","/home/shares/ohi/git-annex/impact_acceleration/stressors/shipping/final/shipping_2010_rescaled_mol.tif","shipping_2010_rescaled.tif"
"Shipping","2011","rescaled","/home/shares/ohi/git-annex/impact_acceleration/stressors/shipping/final/shipping_2011_rescaled_mol.tif","shipping_2011_rescaled.tif"
"Shipping","2012","rescaled","/home/shares/ohi/git-annex/impact_acceleration/stressors/shipping/final/shipping_2012_rescaled_mol.tif","shipping_2012_rescaled.tif"
"Shipping","2013","rescaled","/home/shares/ohi/git-annex/impact_acceleration/stressors/shipping/final/shipping_2013_rescaled_mol.tif","shipping_2013_rescaled.tif"
"Shipping","2003","impact","/home/shares/ohi/git-annex/impact_acceleration/impact/stressor_impact/shipping_2003.tif","shipping_2003_impact.tif"
"Shipping","2004","impact","/home/shares/ohi/git-annex/impact_acceleration/impact/stressor_impact/shipping_2004.tif","shipping_2004_impact.tif"
"Shipping","2005","impact","/home/shares/ohi/git-annex/impact_acceleration/impact/stressor_impact/shipping_2005.tif","shipping_2005_impact.tif"
"Shipping","2006","impact","/home/shares/ohi/git-annex/impact_acceleration/impact/stressor_impact/shipping_2006.tif","shipping_2006_impact.tif"
"Shipping","2007","impact","/home/shares/ohi/git-annex/impact_acceleration/impact/stressor_impact/shipping_2007.tif","shipping_2007_impact.tif"
"Shipping","2008","impact","/home/shares/ohi/git-annex/impact_acceleration/impact/stressor_impact/shipping_2008.tif","shipping_2008_impact.tif"
"Shipping","2009","impact","/home/shares/ohi/git-annex/impact_acceleration/impact/stressor_impact/shipping_2009.tif","shipping_2009_impact.tif"
"Shipping","2010","impact","/home/shares/ohi/git-annex/impact_acceleration/impact/stressor_impact/shipping_2010.tif","shipping_2010_impact.tif"
"Shipping","2011","impact","/home/shares/ohi/git-annex/impact_acceleration/impact/stressor_impact/shipping_2011.tif","shipping_2011_impact.tif"
"Shipping","2012","impact","/home/shares/ohi/git-annex/impact_acceleration/impact/stressor_impact/shipping_2012.tif","shipping_2012_impact.tif"
"Shipping","2013","impact","/home/shares/ohi/git-annex/impact_acceleration/impact/stressor_impact/shipping_2013.tif","shipping_2013_impact.tif"
"Shipping","2003-2013","trend","/home/shares/ohi/git-annex/impact_acceleration/impact/trend/impacts/shipping_trend.tif","shipping_2003-2013_trend.tif"
"Cumulative Impact","2003","cumulative_impact","/home/shares/ohi/git-annex/impact_acceleration/impact/cumulative_impact/chi_2003.tif","cumulative_impact_2003.tif"
"Cumulative Impact","2004","cumulative_impact","/home/shares/ohi/git-annex/impact_acceleration/impact/cumulative_impact/chi_2004.tif","cumulative_impact_2004.tif"
"Cumulative Impact","2005","cumulative_impact","/home/shares/ohi/git-annex/impact_acceleration/impact/cumulative_impact/chi_2005.tif","cumulative_impact_2005.tif"
"Cumulative Impact","2006","cumulative_impact","/home/shares/ohi/git-annex/impact_acceleration/impact/cumulative_impact/chi_2006.tif","cumulative_impact_2006.tif"
"Cumulative Impact","2007","cumulative_impact","/home/shares/ohi/git-annex/impact_acceleration/impact/cumulative_impact/chi_2007.tif","cumulative_impact_2007.tif"
"Cumulative Impact","2008","cumulative_impact","/home/shares/ohi/git-annex/impact_acceleration/impact/cumulative_impact/chi_2008.tif","cumulative_impact_2008.tif"
"Cumulative Impact","2009","cumulative_impact","/home/shares/ohi/git-annex/impact_acceleration/impact/cumulative_impact/chi_2009.tif","cumulative_impact_2009.tif"
"Cumulative Impact","2010","cumulative_impact","/home/shares/ohi/git-annex/impact_acceleration/impact/cumulative_impact/chi_2010.tif","cumulative_impact_2010.tif"
"Cumulative Impact","2011","cumulative_impact","/home/shares/ohi/git-annex/impact_acceleration/impact/cumulative_impact/chi_2011.tif","cumulative_impact_2011.tif"
"Cumulative Impact","2012","cumulative_impact","/home/shares/ohi/git-annex/impact_acceleration/impact/cumulative_impact/chi_2012.tif","cumulative_impact_2012.tif"
"Cumulative Impact","2013","cumulative_impact","/home/shares/ohi/git-annex/impact_acceleration/impact/cumulative_impact/chi_2013.tif","cumulative_impact_2013.tif"
"Cumulative Impact","2003-2013","cumulative_impact_trend","/home/shares/ohi/git-annex/impact_acceleration/impact/trend/chi_slope.tif","cumulative_impact_trend_2003-2013.tif"
"Cumulative Impact",NA,"habitat","/home/shares/ohi/git-annex/impact_acceleration/habitats/beach.tif","habitat_beach.tif"
"Cumulative Impact",NA,"habitat","/home/shares/ohi/git-annex/impact_acceleration/habitats/coral_reef.tif","habitat_coral_reef.tif"
"Cumulative Impact",NA,"habitat","/home/shares/ohi/git-annex/impact_acceleration/habitats/d_h_bottom.tif","habitat_d_h_bottom.tif"
"Cumulative Impact",NA,"habitat","/home/shares/ohi/git-annex/impact_acceleration/habitats/d_s_benthic.tif","habitat_d_s_benthic.tif"
"Cumulative Impact",NA,"habitat","/home/shares/ohi/git-annex/impact_acceleration/habitats/deep_waters.tif","habitat_deep_waters.tif"
"Cumulative Impact",NA,"habitat","/home/shares/ohi/git-annex/impact_acceleration/habitats/hard_shelf.tif","habitat_hard_shelf.tif"
"Cumulative Impact",NA,"habitat","/home/shares/ohi/git-annex/impact_acceleration/habitats/hard_slope.tif","habitat_hard_slope.tif"
"Cumulative Impact",NA,"habitat","/home/shares/ohi/git-annex/impact_acceleration/habitats/ice.tif","habitat_ice.tif"
"Cumulative Impact",NA,"habitat","/home/shares/ohi/git-annex/impact_acceleration/habitats/inttidalmud.tif","habitat_inttidalmud.tif"
"Cumulative Impact",NA,"habitat","/home/shares/ohi/git-annex/impact_acceleration/habitats/kelp.tif","habitat_kelp.tif"
"Cumulative Impact",NA,"habitat","/home/shares/ohi/git-annex/impact_acceleration/habitats/mangroves.tif","habitat_mangroves.tif"
"Cumulative Impact",NA,"habitat","/home/shares/ohi/git-annex/impact_acceleration/habitats/rky_intidal.tif","habitat_rky_intidal.tif"
"Cumulative Impact",NA,"habitat","/home/shares/ohi/git-annex/impact_acceleration/habitats/rocky_reef.tif","habitat_rocky_reef.tif"
"Cumulative Impact",NA,"habitat","/home/shares/ohi/git-annex/impact_acceleration/habitats/s_t_s_bottom.tif","habitat_s_t_s_bottom.tif"
"Cumulative Impact",NA,"habitat","/home/shares/ohi/git-annex/impact_acceleration/habitats/salt_marsh.tif","habitat_salt_marsh.tif"
"Cumulative Impact",NA,"habitat","/home/shares/ohi/git-annex/impact_acceleration/habitats/seagrass.tif","habitat_seagrass.tif"
"Cumulative Impact",NA,"habitat","/home/shares/ohi/git-annex/impact_acceleration/habitats/seamounts.tif","habitat_seamounts.tif"
"Cumulative Impact",NA,"habitat","/home/shares/ohi/git-annex/impact_acceleration/habitats/soft_shelf.tif","habitat_soft_shelf.tif"
"Cumulative Impact",NA,"habitat","/home/shares/ohi/git-annex/impact_acceleration/habitats/soft_slope.tif","habitat_soft_slope.tif"
"Cumulative Impact",NA,"habitat","/home/shares/ohi/git-annex/impact_acceleration/habitats/surface_waters.tif","habitat_surface_waters.tif"
"Cumulative Impact",NA,"habitat","/home/shares/ohi/git-annex/impact_acceleration/habitats/suspension_reef.tif","habitat_suspension_reef.tif"
